LOCALISATION RELIEF;LOCALISATION WILAYA;LOCALISATION;LATITUDE;LONGITUDE;NOMBRE DE DEMANDES ENREGISTREES;NOMBRE PLACEMEBNT;NOMBRE POSTE ENREGISTRE
HAUTS PLATEAUX;BATNA;NGAOUS;35.556614;5.5932388;1357;202;219
HAUTS PLATEAUX;BATNA;MDOUKAL;35.127083;5.1640606;182;65;17
HAUTS PLATEAUX;BATNA;BENI FOUDHALA EL HAKANIA;35.39283;6.0467429;36;5;1
HAUTS PLATEAUX;BATNA;SEGGANA;35.32959;5.54073;162;33;80
HAUTS PLATEAUX;BATNA;OULED SELLAM;35.841187;5.793201;211;66;107
HAUTS PLATEAUX;BATNA;CHEMORA;35.625622;6.5996962;328;62;38
HAUTS PLATEAUX;BATNA;LEMCEN;35.531101;6.2375002;130;33;27
HAUTS PLATEAUX;BATNA;BITAM;35.140881;5.3520875;438;152;38
HAUTS PLATEAUX;BATNA;DJEZZAR;35.513893;5.3311653;293;113;44
HAUTS PLATEAUX;BATNA;THENIET EL ABED;35.25;6.1833329;355;61;45
HAUTS PLATEAUX;BATNA;DJERMA;35.685143;6.301343;95;45;104
HAUTS PLATEAUX;BATNA;AIN TOUTA;35.399109;5.9198389;2095;404;453
HAUTS PLATEAUX;BATNA;KSAR BELEZMA;35.706562;5.8775964;135;32;4
HAUTS PLATEAUX;BATNA;GOSBAT;35.639198;5.4568133;350;43;6
HAUTS PLATEAUX;BATNA;TALKHEMT;35.712669;5.7510476;423;106;17
HAUTS PLATEAUX;BATNA;BARIKA;35.384594;5.2893434;3873;1223;1745
HAUTS PLATEAUX;BATNA;OULED AOUF;35.450954;5.7510476;35;5;1
HAUTS PLATEAUX;BATNA;BATNA;35.56102;6.1739116;15348;4895;6764
HAUTS PLATEAUX;BATNA;ZANA EL BEIDA;35.803757;6.1102943;467;162;21
HAUTS PLATEAUX;BATNA;OULED SI SLIMANE;35.585903;5.6668305;283;35;15
HAUTS PLATEAUX;BATNA;BOUMAGUER;35.493061;5.551228;297;44;31
HAUTS PLATEAUX;BATNA;METKAOUAK;35.368748;5.183641;208;78;19
HAUTS PLATEAUX;BATNA;OUED TAGA;35.421288;6.3438783;294;41;14
HAUTS PLATEAUX;BATNA;TIGHANIMINE;35.195553;6.2694607;114;25;3
HAUTS PLATEAUX;BATNA;TILATOU;35.28194;5.6247668;125;40;54
HAUTS PLATEAUX;BATNA;OUED CHAABA;35.523838;6.0467429;318;121;124
HAUTS PLATEAUX;BATNA;INOUGHISSENE;35.268444;6.5463157;76;12;1
HAUTS PLATEAUX;BATNA;KIMMEL;34.97665;6.4716582;22;1;
HAUTS PLATEAUX;BATNA;SERIANA;35.691742;6.1739116;326;105;189
HAUTS PLATEAUX;BATNA;TAZOULT;35.513027;6.2588367;846;285;96
HAUTS PLATEAUX;BATNA;FESDIS;35.612785;6.2269764;232;114;277
HAUTS PLATEAUX;BATNA;HIDOUSSA;35.530128;5.9198389;33;1;2
HAUTS PLATEAUX;BATNA;TIMGAD;35.499508;6.5143089;268;88;116
HAUTS PLATEAUX;BATNA;OUED EL MA;35.656754;6.0044122;502;104;56
HAUTS PLATEAUX;BATNA;LARBAA;35.33445;6.1208925;1;;
HAUTS PLATEAUX;BATNA;OULED FADEL;35.533768;6.6851983;217;137;239
HAUTS PLATEAUX;BATNA;GHASSIRA;35.077755;6.2163596;80;11;7
HAUTS PLATEAUX;BATNA;GUIGBA;35.73196;5.5722299;179;42;6
HAUTS PLATEAUX;BATNA;RAHBAT;35.728043;5.656312;197;43;7
HAUTS PLATEAUX;BATNA;AIN YAGOUT;35.80888;6.4290361;280;159;339
HAUTS PLATEAUX;BATNA;RAS EL AIOUN;35.677021;5.5827336;749;107;78
HAUTS PLATEAUX;BATNA;BOULEHILET;35.753815;6.6424332;108;24;11
HAUTS PLATEAUX;BATNA;BOUMIA;35.717327;6.5143089;28;5;2
HAUTS PLATEAUX;BATNA;TIGHARGHAR;35.095665;5.9572368;50;13;7
HAUTS PLATEAUX;BATNA;CHIR;35.213562;6.1314926;146;30;4
HAUTS PLATEAUX;BATNA;TAXLENT;35.579903;5.793201;160;28;22
HAUTS PLATEAUX;BATNA;OULED AMMAR;35.477459;5.1640606;124;67;52
HAUTS PLATEAUX;BATNA;TKOUT;35.158825;6.3438783;275;56;69
HAUTS PLATEAUX;BATNA;EL HASSI;35.785248;5.9495659;291;137;14
HAUTS PLATEAUX;BATNA;MAAFA;35.269936;5.8775964;57;16;0
HAUTS PLATEAUX;BATNA;FOUM TOUB;35.368538;6.5143089;122;35;23
HAUTS PLATEAUX;BATNA;AIN DJASSER;35.83083;6.0044122;760;140;156
HAUTS PLATEAUX;BATNA;SEFIANE;35.425587;5.5932388;242;22;26
HAUTS PLATEAUX;BATNA;ARRIS;35.300537;6.354517;1015;193;454
HAUTS PLATEAUX;BATNA;ICHEMOUL;35.285667;6.4290361;339;41;29
HAUTS PLATEAUX;BATNA;MEROUANA;35.628773;5.9092755;1424;207;218
HAUTS PLATEAUX;BATNA;LAZROU;35.772163;6.301343;92;15;7
HAUTS PLATEAUX;BATNA;EL MADHER;35.637115;6.3864427;571;199;244
HAUTS PLATEAUX;BATNA;OUYOUN EL ASSAFIR;35.552204;6.3438783;187;55;46
HAUTS PLATEAUX;BATNA;MENAA;35.128059;6.0891032;253;60;67
HAUTS PLATEAUX;BATNA;BOUZINA;35.269894;6.0996976;400;106;36
HAUTS PLATEAUX;BORDJ BOU ARRERIDJ;COLLA;36.237415;4.6657028;330;125;4
HAUTS PLATEAUX;BORDJ BOU ARRERIDJ;EL MAIN;36.371986;4.7380171;60;17;4
HAUTS PLATEAUX;BORDJ BOU ARRERIDJ;EL EUCH;35.891777;4.6243749;651;318;17
HAUTS PLATEAUX;BORDJ BOU ARRERIDJ;KSOUR;35.99213;4.5956669;536;253;57
HAUTS PLATEAUX;BORDJ BOU ARRERIDJ;HASNAOUA;36.152069;4.7955346;568;253;5
HAUTS PLATEAUX;BORDJ BOU ARRERIDJ;EL ANSEUR;36.040539;4.8187308;732;374;37
HAUTS PLATEAUX;BORDJ BOU ARRERIDJ;EL HAMMADIA;35.983528;4.7795148;1332;680;148
HAUTS PLATEAUX;BORDJ BOU ARRERIDJ;OULED BRAHEM;35.873383;5.0806918;314;120;80
HAUTS PLATEAUX;BORDJ BOU ARRERIDJ;EL MHIR;36.118435;4.3895593;1135;269;232
HAUTS PLATEAUX;BORDJ BOU ARRERIDJ;AIN TAGHROUT;36.13213;5.1223607;610;225;103
HAUTS PLATEAUX;BORDJ BOU ARRERIDJ;SIDI EMBAREK;36.097466;4.9143238;538;287;213
HAUTS PLATEAUX;BORDJ BOU ARRERIDJ;GHILASSA;35.848083;4.9039426;409;165;
HAUTS PLATEAUX;BORDJ BOU ARRERIDJ;OULED DAHMANE;36.221489;4.770164;253;138;224
HAUTS PLATEAUX;BORDJ BOU ARRERIDJ;OULED SIDI BRAHIM;36.228992;4.3340554;150;30;8
HAUTS PLATEAUX;BORDJ BOU ARRERIDJ;RAS EL OUED;35.947029;5.0356951;1924;629;1065
HAUTS PLATEAUX;BORDJ BOU ARRERIDJ;BORDJ GHDIR;35.912479;4.9247074;1177;381;977
HAUTS PLATEAUX;BORDJ BOU ARRERIDJ;BORDJ ZEMOURA;36.261227;4.8831849;550;178;17
HAUTS PLATEAUX;BORDJ BOU ARRERIDJ;MEDJANA;36.134052;4.6714821;991;443;21
HAUTS PLATEAUX;BORDJ BOU ARRERIDJ;BORDJ BOU ARRERIDJ;36.070419;4.7564044;10805;4757;10848
HAUTS PLATEAUX;BORDJ BOU ARRERIDJ;RABTA;35.896591;4.7795148;489;256;7
HAUTS PLATEAUX;BORDJ BOU ARRERIDJ;TIXTER;36.045387;5.1223607;448;170;88
HAUTS PLATEAUX;BORDJ BOU ARRERIDJ;TAGLAIT;35.801147;4.9870491;121;33;1
HAUTS PLATEAUX;BORDJ BOU ARRERIDJ;EL ACHIR;36.06559;4.6243749;1105;560;524
HAUTS PLATEAUX;BORDJ BOU ARRERIDJ;BIR KASDALI;36.146339;5.0276623;666;232;81
HAUTS PLATEAUX;BORDJ BOU ARRERIDJ;HARAZA;36.166058;4.2538452;272;102;57
HAUTS PLATEAUX;BORDJ BOU ARRERIDJ;MANSOURA;36.137676;4.4387898;1349;515;319
HAUTS PLATEAUX;BORDJ BOU ARRERIDJ;BEN DAOUD;36.067387;4.141995;804;224;28
HAUTS PLATEAUX;BORDJ BOU ARRERIDJ;TESMART;36.264576;4.8002334;208;81;22
HAUTS PLATEAUX;BORDJ BOU ARRERIDJ;THENIET EL ANSEUR;36.1035;5.04;131;78;21
HAUTS PLATEAUX;BORDJ BOU ARRERIDJ;TAFREG;36.306698;4.711308;61;23;4
HAUTS PLATEAUX;BORDJ BOU ARRERIDJ;AIN TASSERA;36.036751;5.002327;490;246;192
HAUTS PLATEAUX;BORDJ BOU ARRERIDJ;DJAAFRA;36.292271;4.662837;293;109;59
HAUTS PLATEAUX;BORDJ BOU ARRERIDJ;BELIMOUR;35.967232;4.9143238;568;243;12
HAUTS PLATEAUX;BORDJ BOU ARRERIDJ;KHELIL;36.224049;4.9974461;873;455;175
HAUTS PLATEAUX;DJELFA;GUETTARA;33.161095;4.6850858;244;20;2
HAUTS PLATEAUX;DJELFA;ZAAFRANE;34.853977;2.8502302;404;6;1
HAUTS PLATEAUX;DJELFA;AMOURA;34.354725;3.869348;54;;
HAUTS PLATEAUX;DJELFA;FEIDH EL BOTMA;34.530487;3.7816093;381;8;9
HAUTS PLATEAUX;DJELFA;HASSI BAHBAH;35.078228;3.0275803;2942;165;211
HAUTS PLATEAUX;DJELFA;MLILIHA;34.756252;3.4813979;189;16;
HAUTS PLATEAUX;DJELFA;SIDI LAADJEL;35.435673;2.514842;574;12;20
HAUTS PLATEAUX;DJELFA;OUM LAADHAM;33.720612;4.5302143;166;;
HAUTS PLATEAUX;DJELFA;DOUIS;34.373924;2.706634;50;4;
HAUTS PLATEAUX;DJELFA;SIDI BAIZID;35.059242;3.432168;188;2;2
HAUTS PLATEAUX;DJELFA;AIN FEKKA;35.470245;3.5407908;214;31;20
HAUTS PLATEAUX;DJELFA;AIN EL IBEL;34.352528;3.2256856;1323;60;73
HAUTS PLATEAUX;DJELFA;BENI YAGOUB;34.466667;2.7833331;234;8;1
HAUTS PLATEAUX;DJELFA;BIRINE;35.62672;3.2231727;970;63;35
HAUTS PLATEAUX;DJELFA;BOUIRA LAHDAB;35.24292;3.1403255;227;29;30
HAUTS PLATEAUX;DJELFA;TADMIT;34.283333;2.9833331;646;51;74
HAUTS PLATEAUX;DJELFA;BENHAR;35.485939;3.0113165;212;60;157
HAUTS PLATEAUX;DJELFA;EL GUEDDID;34.691113;3.5986111;214;8;
HAUTS PLATEAUX;DJELFA;HAD SAHARY;35.352154;3.3615644;730;90;118
HAUTS PLATEAUX;DJELFA;DELDOUL;34.20805;3.2565715;153;15;27
HAUTS PLATEAUX;DJELFA;DJELFA;34.675171;3.2684214;11932;839;1179
HAUTS PLATEAUX;DJELFA;AIN MAABED;34.805691;3.1328011;528;29;53
HAUTS PLATEAUX;DJELFA;MOUADJEBAR;34.50658;3.4675076;458;32;20
HAUTS PLATEAUX;DJELFA;HASSI EL EUCH;35.154842;3.2533338;174;2;2
HAUTS PLATEAUX;DJELFA;MESSAAD;34.153667;3.4952919;3222;106;130
HAUTS PLATEAUX;DJELFA;AIN OUESSARA;35.454266;2.9076095;3470;296;366
HAUTS PLATEAUX;DJELFA;HASSI FDOUL;35.441456;2.2187476;562;63;100
HAUTS PLATEAUX;DJELFA;ZAKKAR;34.431622;3.3250413;68;2;3
HAUTS PLATEAUX;DJELFA;EL IDRISSIA;34.454849;2.524745;726;3;3
HAUTS PLATEAUX;DJELFA;GUERNINI;35.200367;2.6822357;21;7;1
HAUTS PLATEAUX;DJELFA;CHAREF;34.617687;2.8003917;477;20;3
HAUTS PLATEAUX;DJELFA;SED RAHAL;33.952408;3.2256856;451;8;
HAUTS PLATEAUX;DJELFA;DAR CHIOUKH;34.895367;3.4851868;745;20;
HAUTS PLATEAUX;DJELFA;SELMANA;34.176285;3.5991845;149;5;
HAUTS PLATEAUX;DJELFA;EL KHEMIS;35.159199;3.0350001;70;13;3
HAUTS PLATEAUX;DJELFA;AIN CHOUHADA;34.241329;2.522269;22;4;
HAUTS PLATEAUX;EL BAYADH;BREZINA;33.097805;1.2586654;825;67;39
HAUTS PLATEAUX;EL BAYADH;CHEGUIG;33.9445;1.42;96;;1
HAUTS PLATEAUX;EL BAYADH;EL KHEITHER;34.136482;7.0005096E-2;216;19;29
HAUTS PLATEAUX;EL BAYADH;BOUSSEMGHOUN;32.870491;0.0233208;132;7;4
HAUTS PLATEAUX;EL BAYADH;SIDI AMEUR;33.768593;1.4362206;323;4;4
HAUTS PLATEAUX;EL BAYADH;EL BAYADH;33.658138;1.0203224;5131;271;328
HAUTS PLATEAUX;EL BAYADH;BOUGTOUB;34.039047;9.1031604E-2;872;46;152
HAUTS PLATEAUX;EL BAYADH;TOUSMOULINE;33.647957;0.31132779;185;1;1
HAUTS PLATEAUX;EL BAYADH;SIDI SLIMANE;33.831879;1.7271179;58;8;13
HAUTS PLATEAUX;EL BAYADH;EL ABIODH SIDI CHEIKH;32.903156;0.53996313;1734;43;41
HAUTS PLATEAUX;EL BAYADH;AIN EL ORAK;33.408127;0.73902452;76;10;8
HAUTS PLATEAUX;EL BAYADH;EL MEHARA;33.313007;0.36424369;95;4;3
HAUTS PLATEAUX;EL BAYADH;ROGASSA;34.01889;0.92713672;241;5;14
HAUTS PLATEAUX;EL BAYADH;KRAKDA;33.189301;1.398;59;11;0
HAUTS PLATEAUX;EL BAYADH;STITTEN;33.834816;1.2506002;59;4;5
HAUTS PLATEAUX;EL BAYADH;EL BNOUD;32.311932;0.24440379;388;53;46
HAUTS PLATEAUX;EL BAYADH;KEF EL AHMAR;33.844997;0.64107722;428;28;18
HAUTS PLATEAUX;EL BAYADH;GHASSOUL;33.379307;1.2001181;193;14;
HAUTS PLATEAUX;EL BAYADH;HADJ MECHRI BOUALEM;33.728329;1.5329678;928;11;14
HAUTS PLATEAUX;EL BAYADH;ARBAOUAT;33.091602;0.58490241;218;4;7
HAUTS PLATEAUX;EL BAYADH;CHELLALA;33.03949;0.0606637;184;7;7
HAUTS PLATEAUX;EL BAYADH;SIDI TIFOUR;33.716667;1.683333;362;4;20
HAUTS PLATEAUX;KHENCHELA;REMILA;35.572159;6.8981085;474;32;86
HAUTS PLATEAUX;KHENCHELA;KAIS;35.492916;6.9262805;2069;205;220
HAUTS PLATEAUX;KHENCHELA;TAMZA;35.316666;6.833333;227;40;1
HAUTS PLATEAUX;KHENCHELA;EL HAMMA;35.46463;7.0848064;484;81;36
HAUTS PLATEAUX;KHENCHELA;TAOUZIANAT;35.262527;6.2176867;557;19;6
HAUTS PLATEAUX;KHENCHELA;MTOUSSA;35.600773;7.245059;224;16;4
HAUTS PLATEAUX;KHENCHELA;BABAR;35.168808;7.1009488;981;74;110
HAUTS PLATEAUX;KHENCHELA;EL MAHMAL;35.448441;7.1250095;925;75;43
HAUTS PLATEAUX;KHENCHELA;CHERCHAR;35.037258;7.0095263;1208;101;203
HAUTS PLATEAUX;KHENCHELA;AIN TOUILA;35.435944;7.381371;537;41;37
HAUTS PLATEAUX;KHENCHELA;BOUHMAMA;35.320282;6.7467227;281;9;18
HAUTS PLATEAUX;KHENCHELA;EL OUELDJA;34.915115;6.6831927;33;2;5
HAUTS PLATEAUX;KHENCHELA;DJELLAL;34.919189;6.8927436;119;5;
HAUTS PLATEAUX;KHENCHELA;YABOUS;35.411987;6.6437688;354;24;26
HAUTS PLATEAUX;KHENCHELA;OULED RECHACHE;35.29562;7.3524156;1381;72;92
HAUTS PLATEAUX;KHENCHELA;BAGHAI;35.521542;7.1130581;209;22;2
HAUTS PLATEAUX;KHENCHELA;KHIRANE;34.998611;6.7607751;293;25;4
HAUTS PLATEAUX;KHENCHELA;CHELIA;35.363468;6.7801847;241;4;1
HAUTS PLATEAUX;KHENCHELA;MSARA;35.238213;6.5743351;114;5;5
HAUTS PLATEAUX;KHENCHELA;ENSIGHA;35.395142;7.1419954;307;24;4
HAUTS PLATEAUX;KHENCHELA;KHENCHELA;35.430996;7.1467071;5150;733;1019
HAUTS PLATEAUX;M SILA;MAARIF;35.38018;4.2948885;534;114;28
HAUTS PLATEAUX;M SILA;EL HOUAMED;35.171566;4.603723;372;65;14
HAUTS PLATEAUX;M SILA;TAMSA;35.173393;3.9266503;556;20;5
HAUTS PLATEAUX;M SILA;ZERZOUR;35.052937;4.8313255;69;42;
HAUTS PLATEAUX;M SILA;AIN KHADRA;35.529865;4.9558697;480;131;19
HAUTS PLATEAUX;M SILA;OULED DERRADJ;35.62389;4.7898731;792;258;139
HAUTS PLATEAUX;M SILA;BELAIBA;35.57439;5.1953554;329;163;212
HAUTS PLATEAUX;M SILA;BENI ILMENE;35.954617;4.0899911;276;61;57
HAUTS PLATEAUX;M SILA;AIN EL MELH;34.847389;4.1649542;801;58;37
HAUTS PLATEAUX;M SILA;AIN EL HADJEL;35.613995;3.8451731;1189;162;210
HAUTS PLATEAUX;M SILA;MTARFA;35.717583;4.6243749;325;123;40
HAUTS PLATEAUX;M SILA;BOUTI SAYEH;35.642735;3.6217802;338;28;42
HAUTS PLATEAUX;M SILA;MENAA;35.045425;3.8044832;252;24;
HAUTS PLATEAUX;M SILA;BIR FODDA;34.821339;3.9266503;66;4;
HAUTS PLATEAUX;M SILA;OULED ADDI GUEBALA;35.707802;4.8728094;483;153;82
HAUTS PLATEAUX;M SILA;SLIM;34.912086;3.8451731;120;6;
HAUTS PLATEAUX;M SILA;AIN ERRICH;34.575138;4.0286779;436;7;13
HAUTS PLATEAUX;M SILA;BEN SROUR;34.995823;4.603723;655;113;122
HAUTS PLATEAUX;M SILA;OUENOUGHA;35.951809;4.171854;453;90;28
HAUTS PLATEAUX;M SILA;MAADID;35.799904;4.7484517;823;173;67
HAUTS PLATEAUX;M SILA;DJEBEL MESSAAD;35.010689;4.1923399;516;30;10
HAUTS PLATEAUX;M SILA;MSILA;35.677109;4.5418143;8003;1784;3126
HAUTS PLATEAUX;M SILA;OULED MANSOUR;35.72681;4.3770704;327;78;26
HAUTS PLATEAUX;M SILA;SOUMAA;35.586311;4.7239003;101;32;2
HAUTS PLATEAUX;M SILA;EL HAMEL;35.124081;4.0899911;458;70;44
HAUTS PLATEAUX;M SILA;OULED SIDI BRAHIM;35.342079;4.1309066;559;83;61
HAUTS PLATEAUX;M SILA;KHETTOUTI SED EL DJIR;35.687603;4.2538452;246;58;4
HAUTS PLATEAUX;M SILA;BENZOUH;35.474815;4.0899911;127;31;45
HAUTS PLATEAUX;M SILA;TARMOUNT;35.818378;4.2538452;391;76;10
HAUTS PLATEAUX;M SILA;MEDJEDEL;35.050396;3.6420479;752;49;14
HAUTS PLATEAUX;M SILA;SIDI HADJERES;35.716541;4.0134311;317;22;26
HAUTS PLATEAUX;M SILA;OULED SLIMANE;34.898174;4.8520637;38;4;
HAUTS PLATEAUX;M SILA;MCIF;35.340542;4.7691584;276;18;22
HAUTS PLATEAUX;M SILA;BOUSAADA;35.21027;4.1794667;5704;1172;1561
HAUTS PLATEAUX;M SILA;MAGRA;35.610241;5.1223607;980;364;500
HAUTS PLATEAUX;M SILA;CHELLAL;35.508507;4.3770704;297;40;36
HAUTS PLATEAUX;M SILA;SIDI MHAMED;34.764828;4.2948885;243;4;4
HAUTS PLATEAUX;M SILA;KHOUBANA;35.328915;4.5005808;446;95;95
HAUTS PLATEAUX;M SILA;DEHAHNA;35.734089;5.0286489;154;38;4
HAUTS PLATEAUX;M SILA;SIDI AMEUR;35.417831;3.8248241;1005;68;30
HAUTS PLATEAUX;M SILA;MOHAMED BOUDIAF;34.891163;4.4593792;286;9;5
HAUTS PLATEAUX;M SILA;BERHOUM;35.647766;5.0078449;595;200;285
HAUTS PLATEAUX;M SILA;OULTENE;35.117012;4.2948885;127;28;
HAUTS PLATEAUX;M SILA;AIN FARES;34.713299;4.5005808;56;1;1
HAUTS PLATEAUX;M SILA;SIDI AISSA;35.814777;3.7029002;2243;424;552
HAUTS PLATEAUX;M SILA;OULED MADHI;35.546135;4.5418143;210;47;0
HAUTS PLATEAUX;M SILA;HAMMAM DHALAA;35.944538;4.3919768;2274;677;685
HAUTS PLATEAUX;NAAMA;MECHRIA;33.544277;-0.27627069;3747;327;420
HAUTS PLATEAUX;NAAMA;MEKMEN BEN AMAR;33.718906;-0.72714788;658;38;80
HAUTS PLATEAUX;NAAMA;EL BIOD;33.760086;-0.12844039;107;22;190
HAUTS PLATEAUX;NAAMA;TIOUT;32.768227;-0.42665839;208;8;15
HAUTS PLATEAUX;NAAMA;KASDIR;33.713589;-1.375755;352;30;107
HAUTS PLATEAUX;NAAMA;NAAMA;33.168327;-0.3748354;1281;93;175
HAUTS PLATEAUX;NAAMA;DJENIEN BOUREZG;32.397903;-0.94384682;149;24;22
HAUTS PLATEAUX;NAAMA;MOGHRAR;32.516163;-0.57543731;212;11;19
HAUTS PLATEAUX;NAAMA;AIN BEN KHELIL;33.288551;-0.76304901;67;3;14
HAUTS PLATEAUX;NAAMA;ASLA;33.005699;-7.9348803E-2;103;7;7
HAUTS PLATEAUX;NAAMA;SFISSIFA;32.804615;-0.98206681;182;24;15
HAUTS PLATEAUX;NAAMA;AIN SEFRA;32.756332;-0.57780331;2251;237;339
HAUTS PLATEAUX;OUM EL BOUAGHI;EL BELALA;35.665348;7.7885375;150;19;6
HAUTS PLATEAUX;OUM EL BOUAGHI;AIN FAKROUN;35.97369;6.8708487;1115;162;60
HAUTS PLATEAUX;OUM EL BOUAGHI;OUM EL BOUAGHI;35.873055;7.1197867;3745;742;1532
HAUTS PLATEAUX;OUM EL BOUAGHI;BIR CHOUHADA;35.896626;6.2925057;241;47;18
HAUTS PLATEAUX;OUM EL BOUAGHI;EL AMIRIA;36.110176;6.9048319;204;33;3
HAUTS PLATEAUX;OUM EL BOUAGHI;DHALAA;35.458256;7.5490971;232;32;17
HAUTS PLATEAUX;OUM EL BOUAGHI;EL FEDJOUDJ BOUGHRARA SAOUDI;35.709167;6.821032;81;10;1
HAUTS PLATEAUX;OUM EL BOUAGHI;OULED ZOUAI;35.847733;6.5143089;66;19;2
HAUTS PLATEAUX;OUM EL BOUAGHI;REHIA;35.763443;7.6453171;119;31;41
HAUTS PLATEAUX;OUM EL BOUAGHI;AIN ZITOUN;35.684265;6.9356742;174;35;15
HAUTS PLATEAUX;OUM EL BOUAGHI;SIGUS;36.093685;6.7708139;866;150;113
HAUTS PLATEAUX;OUM EL BOUAGHI;MESKIANA;35.632828;7.6710887;984;126;217
HAUTS PLATEAUX;OUM EL BOUAGHI;AIN MLILA;36.018951;6.5569882;3617;1110;1909
HAUTS PLATEAUX;OUM EL BOUAGHI;AIN BABOUCHE;35.942539;7.1817198;581;107;7
HAUTS PLATEAUX;OUM EL BOUAGHI;EL DJEZIA;35.663551;7.5071273;131;17;3
HAUTS PLATEAUX;OUM EL BOUAGHI;BEHIR CHERGUI;35.794018;7.7185879;64;6;2
HAUTS PLATEAUX;OUM EL BOUAGHI;SOUK NAAMANE;35.941422;6.3864427;918;232;45
HAUTS PLATEAUX;OUM EL BOUAGHI;KSAR SBAHI;36.084129;7.2571945;378;75;36
HAUTS PLATEAUX;OUM EL BOUAGHI;OUED NINI;35.570076;7.3476048;115;11;2
HAUTS PLATEAUX;OUM EL BOUAGHI;FKIRINA;35.664051;7.3003602;409;87;9
HAUTS PLATEAUX;OUM EL BOUAGHI;AIN KERCHA;35.930283;6.690546;863;254;80
HAUTS PLATEAUX;OUM EL BOUAGHI;EL HARMILIA;35.924572;6.6223965;288;131;14
HAUTS PLATEAUX;OUM EL BOUAGHI;HANCHIR TOUMGHANI;35.935574;6.7413707;283;63;14
HAUTS PLATEAUX;OUM EL BOUAGHI;OULED GACEM;36.062653;6.6362071;217;93;491
HAUTS PLATEAUX;OUM EL BOUAGHI;BERRICHE;35.914497;7.375967;433;93;23
HAUTS PLATEAUX;OUM EL BOUAGHI;AIN DISS;36.261902;7.3679228;65;12;1
HAUTS PLATEAUX;OUM EL BOUAGHI;AIN BEIDA;35.798134;7.3921733;4232;666;898
HAUTS PLATEAUX;OUM EL BOUAGHI;EL ZORG;35.720901;7.9074001;62;14;18
HAUTS PLATEAUX;OUM EL BOUAGHI;OULED HAMLA;36.066914;6.4716582;523;226;137
HAUTS PLATEAUX;SAIDA;AIN SOLTANE;34.967808;0.30344999;430;44;18
HAUTS PLATEAUX;SAIDA;AIN EL HADJAR;34.757408;0.15418001;1319;143;196
HAUTS PLATEAUX;SAIDA;SIDI AHMED;34.549793;0.259657;331;35;23
HAUTS PLATEAUX;SAIDA;EL HASSASNA;34.826096;0.33013421;713;82;100
HAUTS PLATEAUX;SAIDA;MOULAY LARBI;34.6497;0.0116586;303;21;8
HAUTS PLATEAUX;SAIDA;MAAMORA;34.681866;0.49979731;195;17;7
HAUTS PLATEAUX;SAIDA;YOUB;34.920162;-0.20805471;626;55;95
HAUTS PLATEAUX;SAIDA;AIN SKHOUNA;34.504444;0.8441667;295;5;11
HAUTS PLATEAUX;SAIDA;SIDI BOUBEKEUR;35.030544;5.3659201E-2;529;64;74
HAUTS PLATEAUX;SAIDA;OULED BRAHIM;34.860001;0.9174;421;35;20
HAUTS PLATEAUX;SAIDA;TIRCINE;34.901161;0.55296659;115;14;0
HAUTS PLATEAUX;SAIDA;DOUI THABET;34.894119;-7.3508799E-2;160;9;7
HAUTS PLATEAUX;SAIDA;SAIDA;34.841202;0.1484305;5884;507;990
HAUTS PLATEAUX;SAIDA;SIDI AMAR;35.024998;0.1097315;251;24;34
HAUTS PLATEAUX;SAIDA;HOUNET;35.090374;-0.1148012;95;3;4
HAUTS PLATEAUX;SAIDA;OULED KHALED;35.213055;0.27722219;877;105;11
HAUTS PLATEAUX;SETIF;BENI AZIZ;36.464832;5.656312;523;107;112
HAUTS PLATEAUX;SETIF;BENI FOUDA;36.284744;5.5827336;311;64;14
HAUTS PLATEAUX;SETIF;OULED SABOR;36.156864;5.54073;424;139;423
HAUTS PLATEAUX;SETIF;BOUTALEB;35.692078;5.2475519;188;23;8
HAUTS PLATEAUX;SETIF;BAZER SAKRA;36.064301;5.6668305;665;265;900
HAUTS PLATEAUX;SETIF;SETIF;36.196903;5.4150872;12788;3671;5652
HAUTS PLATEAUX;SETIF;AMOUCHA;36.378891;5.4149003;676;161;88
HAUTS PLATEAUX;SETIF;EL OURICIA;36.292454;5.4149003;488;130;17
HAUTS PLATEAUX;SETIF;GUELTA ZERGA;36.20459;5.677351;311;89;60
HAUTS PLATEAUX;SETIF;AIN EL KEBIRA;36.363785;5.5092468;1426;262;53
HAUTS PLATEAUX;SETIF;GUENZET TASSAMEURT;36.328648;4.8209596;81;10;12
HAUTS PLATEAUX;SETIF;SERDJ EL GHOUL;36.4678;5.5932388;85;19;
HAUTS PLATEAUX;SETIF;DRAA KEBILA;36.437946;4.9973941;180;30;12
HAUTS PLATEAUX;SETIF;HAMMAM SKHOUNA;35.969463;5.8353839;515;117;98
HAUTS PLATEAUX;SETIF;OULED ADDOUANE;36.344105;5.4672961;380;79;55
HAUTS PLATEAUX;SETIF;BENI CHEBANA;36.476494;4.9039426;160;37;8
HAUTS PLATEAUX;SETIF;BEIDHA BORDJ;35.894142;5.6663132;404;85;17
HAUTS PLATEAUX;SETIF;MAOUKLANE;36.396648;5.0769286;399;89;24
HAUTS PLATEAUX;SETIF;GUIDJEL;36.072117;5.4987564;853;292;1186
HAUTS PLATEAUX;SETIF;BELLAA;36.227386;5.8775964;359;106;20
HAUTS PLATEAUX;SETIF;TIZI NBECHAR;36.435223;5.3625517;331;73;58
HAUTS PLATEAUX;SETIF;AIN LAGRADJ;36.409668;4.8910241;196;37;18
HAUTS PLATEAUX;SETIF;TACHOUDA;36.266472;5.7405138;164;53;17
HAUTS PLATEAUX;SETIF;BIR EL ARCH;36.101612;5.793201;667;167;74
HAUTS PLATEAUX;SETIF;AIN ARNAT;36.190071;5.3163223;1844;552;285
HAUTS PLATEAUX;SETIF;HAMMAM GUERGOUR;36.322266;5.0548544;616;114;62
HAUTS PLATEAUX;SETIF;SALAH BEY;35.817188;5.3730178;825;231;198
HAUTS PLATEAUX;SETIF;AIN SEBT;36.483391;5.7194524;390;150;206
HAUTS PLATEAUX;SETIF;OULED SIDI AHMED;35.772099;5.6304998;133;74;13
HAUTS PLATEAUX;SETIF;BABOR;36.461403;5.4987564;254;33;5
HAUTS PLATEAUX;SETIF;BOUANDAS;36.510929;5.1119409;403;125;88
HAUTS PLATEAUX;SETIF;HARBIL;36.346046;4.9247074;126;9;6
HAUTS PLATEAUX;SETIF;BOUSSELAM;36.493767;5.0078449;271;89;42
HAUTS PLATEAUX;SETIF;BENI MOUHLI;36.516697;4.9096065;109;23;13
HAUTS PLATEAUX;SETIF;BENI HOCINE;36.251686;5.1119409;425;131;27
HAUTS PLATEAUX;SETIF;EL OUELDJA;36.052086;5.9198389;109;16;22
HAUTS PLATEAUX;SETIF;MEZLOUG;36.083363;5.2475519;492;168;323
HAUTS PLATEAUX;SETIF;MAAOUIA;36.398106;5.6983981;110;18;8
HAUTS PLATEAUX;SETIF;AIN LAHDJAR;35.937279;5.5419497;767;167;80
HAUTS PLATEAUX;SETIF;OULED TEBBEN;35.784584;5.1223607;238;87;3
HAUTS PLATEAUX;SETIF;BENI OUARTILANE;36.442207;4.8525281;182;23;85
HAUTS PLATEAUX;SETIF;BIR HADDADA;36.196903;5.4150872;279;105;106
HAUTS PLATEAUX;SETIF;HAMMA;35.68655;5.3730178;187;27;22
HAUTS PLATEAUX;SETIF;GUELLAL;36.036301;5.3311653;429;133;244
HAUTS PLATEAUX;SETIF;TAYA;35.959335;5.9665303;189;21;7
HAUTS PLATEAUX;SETIF;AIN OULMANE;35.914749;5.2976289;2120;672;995
HAUTS PLATEAUX;SETIF;DEHAMCHA;36.369205;5.6247668;297;59;3
HAUTS PLATEAUX;SETIF;TALA IFACENE;35.97554;5.7089243;278;93;72
HAUTS PLATEAUX;SETIF;ROSFA;35.779198;5.2475519;265;67;56
HAUTS PLATEAUX;SETIF;BOUGAA;36.3382;5.1119409;1363;256;183
HAUTS PLATEAUX;SETIF;KSAR EL ABTAL;35.987087;5.2162285;577;200;189
HAUTS PLATEAUX;SETIF;MZADA;36.541111;5.0747051;73;20;9
HAUTS PLATEAUX;SETIF;DJEMILA;36.553154;5.1327829;389;94;26
HAUTS PLATEAUX;SETIF;AIT TIZI;36.553154;5.1327829;115;54;41
HAUTS PLATEAUX;SETIF;AIN ABESSA;36.298065;5.2893434;600;178;8
HAUTS PLATEAUX;SETIF;AIN AZAL;35.818474;5.5133953;1837;406;385
HAUTS PLATEAUX;SETIF;OUED EL BARED;36.497108;5.4253759;92;21;0
HAUTS PLATEAUX;SETIF;AIN ROUA;36.312988;5.1953554;437;132;63
HAUTS PLATEAUX;SETIF;TELLA;35.97554;5.7089243;131;45;6
HAUTS PLATEAUX;SETIF;EL EULMA;36.160301;5.6983981;5062;1694;2072
HAUTS PLATEAUX;SOUK AHRAS;QUILLEN;36.22781;8.0652924;188;63;65
HAUTS PLATEAUX;SOUK AHRAS;OUED KEBERIT;35.92466;7.9170713;257;15;71
HAUTS PLATEAUX;SOUK AHRAS;MERAHNA;36.196682;8.1502438;518;46;45
HAUTS PLATEAUX;SOUK AHRAS;TAOURA;36.163448;8.0437908;759;70;96
HAUTS PLATEAUX;SOUK AHRAS;OULED MOUMEN;36.383446;8.3307467;138;27;65
HAUTS PLATEAUX;SOUK AHRAS;AIN ZANA;36.401188;8.1912279;221;11;17
HAUTS PLATEAUX;SOUK AHRAS;KHEDARA;36.284473;8.3225327;172;29;7
HAUTS PLATEAUX;SOUK AHRAS;SIDI FREDJ;36.153713;8.1952753;227;58;75
HAUTS PLATEAUX;SOUK AHRAS;SAFEL EL OUIDEN;35.929676;7.4915643;58;6;
HAUTS PLATEAUX;SOUK AHRAS;ZOUABI;35.959682;8.1378126;73;29;12
HAUTS PLATEAUX;SOUK AHRAS;SOUK-AHRAS;36.269588;7.94839;5771;568;951
HAUTS PLATEAUX;SOUK AHRAS;MDAOUROUCHE;36.075676;7.8204789;1368;258;328
HAUTS PLATEAUX;SOUK AHRAS;SEDRATA;36.130856;7.5325661;1619;248;435
HAUTS PLATEAUX;SOUK AHRAS;MECHROHA;36.356503;7.8354354;753;116;262
HAUTS PLATEAUX;SOUK AHRAS;AIN SOLTANE;36.1786;7.3692131;45;16;
HAUTS PLATEAUX;SOUK AHRAS;KHEMISSA;36.194569;7.6520982;86;20;15
HAUTS PLATEAUX;SOUK AHRAS;ZAAROURIA;36.228619;7.956562;218;25;17
HAUTS PLATEAUX;SOUK AHRAS;RAGGOUBA;36.233612;8.0594444;137;44;41
HAUTS PLATEAUX;SOUK AHRAS;HANANCHA;36.261303;7.787858;253;37;43
HAUTS PLATEAUX;SOUK AHRAS;OUM EL ADHAIM;36.030209;7.6032891;356;26;32
HAUTS PLATEAUX;SOUK AHRAS;HADDADA;36.229847;8.3334846;227;37;71
HAUTS PLATEAUX;SOUK AHRAS;OULED DRISS;36.356735;8.0253658;225;23;5
HAUTS PLATEAUX;SOUK AHRAS;BIR BOU HAOUCH;36.014034;7.4300232;299;45;22
HAUTS PLATEAUX;SOUK AHRAS;TERRAGUELT;35.884392;7.597868;145;29;52
HAUTS PLATEAUX;SOUK AHRAS;DREA;36.12162;7.8816843;253;24;42
HAUTS PLATEAUX;SOUK AHRAS;TIFFECH;36.191193;7.787858;174;37;26
HAUTS PLATEAUX;TEBESSA;SAFSAF EL OUESRA;34.956585;8.2076283;383;54;99
HAUTS PLATEAUX;TEBESSA;EL KOUIF;35.499825;8.3225327;864;97;17
HAUTS PLATEAUX;TEBESSA;BOUKHADRA;35.747635;8.0328817;450;53;47
HAUTS PLATEAUX;TEBESSA;FERKANE;34.557659;7.4083958;170;14;17
HAUTS PLATEAUX;TEBESSA;BOULHAF DYR;35.4226;8.5116997;367;179;277
HAUTS PLATEAUX;TEBESSA;BIR EL ATER;34.761089;8.0574303;3568;225;285
HAUTS PLATEAUX;TEBESSA;HAMMAMET;35.451286;7.9538379;666;117;16
HAUTS PLATEAUX;TEBESSA;CHERIA;35.268482;7.7471027;2627;328;392
HAUTS PLATEAUX;TEBESSA;EL MERIDJ;35.793949;8.2295008;860;39;42
HAUTS PLATEAUX;TEBESSA;EL MAZERAA;34.968102;8.3220997;202;6;
HAUTS PLATEAUX;TEBESSA;THLIDJENE;35.11702;7.766119;359;74;61
HAUTS PLATEAUX;TEBESSA;NEGRINE;34.482014;7.5193095;311;15;40
HAUTS PLATEAUX;TEBESSA;TEBESSA;35.414249;8.1010923;8473;1373;1762
HAUTS PLATEAUX;TEBESSA;GOURIGUEUR;35.423527;7.5932331;153;5;4
HAUTS PLATEAUX;TEBESSA;BIR MOKADEM;35.370823;7.8096037;444;49;25
HAUTS PLATEAUX;TEBESSA;EL MA LABIOD;35.205185;8.1693668;1085;65;128
HAUTS PLATEAUX;TEBESSA;STAH GUENTIS;34.99519;7.3015909;407;115;172
HAUTS PLATEAUX;TEBESSA;BEDJENE;35.349773;7.4746518;124;11;4
HAUTS PLATEAUX;TEBESSA;EL HOUIDJBET;35.291748;8.2801065;180;4;3
HAUTS PLATEAUX;TEBESSA;EL OGLA;35.183334;7.4666672;542;65;26
HAUTS PLATEAUX;TEBESSA;EL OUENZA;35.948997;8.1393175;2681;254;354
HAUTS PLATEAUX;TEBESSA;EL OGLA EL MALHA;35.185017;7.4664092;317;126;102
HAUTS PLATEAUX;TEBESSA;EL AOUINET;35.865807;7.8857665;1151;117;117
HAUTS PLATEAUX;TEBESSA;AIN ZERGA;35.633331;8.2666674;923;41;47
HAUTS PLATEAUX;TEBESSA;BIR DHEHEB;35.460701;8.3771;246;27;4
HAUTS PLATEAUX;TEBESSA;BEKKARIA;35.366669;8.25;360;26;106
HAUTS PLATEAUX;TEBESSA;OUM ALI;35.010445;8.3006325;228;12;10
HAUTS PLATEAUX;TEBESSA;MORSOT;35.66769;8.0110674;647;81;34
HAUTS PLATEAUX;TIARET;SERGHINE;35.258141;2.4826727;216;6;5
HAUTS PLATEAUX;TIARET;OUED LILLI;35.512016;1.2706219;292;47;30
HAUTS PLATEAUX;TIARET;MACHRAA SFA;35.255699;1.4941;283;34;23
HAUTS PLATEAUX;TIARET;TIARET;35.367355;1.3220322;9368;1456;2243
HAUTS PLATEAUX;TIARET;MEDRISSA;34.891945;1.2433848;297;18;10
HAUTS PLATEAUX;TIARET;SIDI BAKHTI;35.112;1.4172;92;8;2
HAUTS PLATEAUX;TIARET;AIN BOUCHEKIF;35.356388;1.5136009;348;51;48
HAUTS PLATEAUX;TIARET;FAIDJA;34.851002;2.0955999;227;36;139
HAUTS PLATEAUX;TIARET;HAMADIA;35.460979;1.8733017;467;73;89
HAUTS PLATEAUX;TIARET;MEGHILA;35.363243;1.3270326;65;9;5
HAUTS PLATEAUX;TIARET;DAHMOUNI;35.415714;1.4759356;562;82;36
HAUTS PLATEAUX;TIARET;MADNA;34.623001;1.4227;59;6;7
HAUTS PLATEAUX;TIARET;AIN ZARIT;35.353035;1.6651379;225;8;9
HAUTS PLATEAUX;TIARET;SEBT;35.745682;1.2304602;28;;1
HAUTS PLATEAUX;TIARET;DJILLALI BEN AMAR;35.444386;0.85143012;68;13;20
HAUTS PLATEAUX;TIARET;KSAR CHELLALA;35.22023;2.3172324;2311;202;215
HAUTS PLATEAUX;TIARET;MAHDIA;35.427086;1.7587496;1768;133;160
HAUTS PLATEAUX;TIARET;SOUGUEUR;35.178162;1.4966619;3702;272;196
HAUTS PLATEAUX;TIARET;TOUSNINA;35.113316;1.2758641;253;15;19
HAUTS PLATEAUX;TIARET;ZMALET EMIR ABDELKADER;34.912121;2.3172324;410;16;23
HAUTS PLATEAUX;TIARET;AIN KERMES;34.923851;1.0777723;641;52;127
HAUTS PLATEAUX;TIARET;SIDI HOSNI;35.47142;1.5184418;176;15;1
HAUTS PLATEAUX;TIARET;MELLAKOU;35.24979;1.2337661;351;87;54
HAUTS PLATEAUX;TIARET;SIDI ALI MELLAL;35.563736;1.2253693;111;9;5
HAUTS PLATEAUX;TIARET;AIN DEHEB;34.847126;1.5450766;619;42;40
HAUTS PLATEAUX;TIARET;NADORAH;35.159199;2.3290999;163;3;1
HAUTS PLATEAUX;TIARET;AIN EL HADID;35.060421;0.87943113;446;14;8
HAUTS PLATEAUX;TIARET;NAIMA;35.09177;1.4785205;225;41;66
HAUTS PLATEAUX;TIARET;FRENDA;35.061787;1.0538253;2211;145;156
HAUTS PLATEAUX;TIARET;DJEBILET ROSFA;34.863697;0.83535308;68;12;8
HAUTS PLATEAUX;TIARET;RECHAIGA;35.410126;1.9710284;290;79;169
HAUTS PLATEAUX;TIARET;TAGDEMT;35.335609;1.2283566;92;9;5
HAUTS PLATEAUX;TIARET;GUERTOUFA;35.392208;1.2578169;171;27;1
HAUTS PLATEAUX;TIARET;SIDI  ABDELGHANI;35.098598;2.0792;228;13;1
HAUTS PLATEAUX;TIARET;RAHOUIA;35.531368;1.0227145;532;49;56
HAUTS PLATEAUX;TIARET;CHEHAIMA;34.898201;1.3047556;91;4;1
HAUTS PLATEAUX;TIARET;SEBAINE;35.458023;1.6020337;254;15;9
HAUTS PLATEAUX;TIARET;TIDDA;35.582417;1.266238;68;1;1
HAUTS PLATEAUX;TIARET;SIDI ABDERRAHMANE;34.799206;1.1329035;179;21;19
HAUTS PLATEAUX;TIARET;MEDROUSSA;35.173153;1.2049233;504;41;25
HAUTS PLATEAUX;TIARET;BOUGARA;34.799206;1.961246;162;9;3
HAUTS PLATEAUX;TIARET;TAKHMARET;35.105698;0.6844213;543;33;71
HAUTS PLATEAUX;TISSEMSILT;BORDJ BOUNAAMA;35.852623;1.615375;660;157;207
HAUTS PLATEAUX;TISSEMSILT;SIDI LANTRI;35.696178;1.5064654;157;41;12
HAUTS PLATEAUX;TISSEMSILT;BORDJ EL EMIR ABDELKADER;35.864059;2.2605774;223;79;82
HAUTS PLATEAUX;TISSEMSILT;LARBAA;35.7855;1.9144;52;9;2
HAUTS PLATEAUX;TISSEMSILT;KHEMISTI;35.667435;1.961246;665;157;49
HAUTS PLATEAUX;TISSEMSILT;TAMALAHT;35.6852;2.0627;179;54;36
HAUTS PLATEAUX;TISSEMSILT;LAYOUNE;35.688721;1.9954938;597;231;217
HAUTS PLATEAUX;TISSEMSILT;LARDJEM;35.747185;1.5450766;753;115;30
HAUTS PLATEAUX;TISSEMSILT;SIDI BOUTOUCHENT;35.825222;1.9484098;113;36;39
HAUTS PLATEAUX;TISSEMSILT;MAACEM;35.659187;1.5520259;116;38;5
HAUTS PLATEAUX;TISSEMSILT;BENI LAHCENE;35.814812;1.6894332;113;45;4
HAUTS PLATEAUX;TISSEMSILT;TISSEMSILT;35.601517;1.8074586;5182;1374;2484
HAUTS PLATEAUX;TISSEMSILT;SIDI ABED;35.742268;1.7076637;216;43;1
HAUTS PLATEAUX;TISSEMSILT;BENI CHAIB;35.691898;2.2385001;65;13;46
HAUTS PLATEAUX;TISSEMSILT;AMMARI;35.57259;1.7343807;347;97;35
HAUTS PLATEAUX;TISSEMSILT;SIDI SLIMANE;35.862663;1.6784986;295;191;255
HAUTS PLATEAUX;TISSEMSILT;BOUCAID;35.89077;1.615375;203;37;10
HAUTS PLATEAUX;TISSEMSILT;LAZHARIA;35.935043;1.5620347;128;22;9
HAUTS PLATEAUX;TISSEMSILT;MELAAB;35.712826;1.3360772;64;9;5
HAUTS PLATEAUX;TISSEMSILT;YOUSSOUFIA;35.94775;2.1125019;78;20;15
HAUTS PLATEAUX;TISSEMSILT;OULED BESSEM;35.683334;1.866667;444;183;21
HAUTS PLATEAUX;TISSEMSILT;THENIET EL HAD;35.876705;2.0077317;1419;390;401
SUD;ADRAR;TIMIMOUN;29.260921;0.2385387;2973;715;928
SUD;ADRAR;AOUGROUT;28.75;0.25;806;111;384
SUD;ADRAR;TIT;26.936237;1.4869856;68;8;1
SUD;ADRAR;SEBAA;28.211617;-0.1729106;131;19;1
SUD;ADRAR;TALMINE;29.1917;;291;26;3
SUD;ADRAR;REGGANE;25.275963;-1.5208623;930;129;839
SUD;ADRAR;AKABILI;26.701895;1.3613923;153;12;0
SUD;ADRAR;ADRAR;27.971634;-0.18696439;4508;730;1911
SUD;ADRAR;OULED AHMED TIMI;27.851517;-0.2807577;676;101;3
SUD;ADRAR;OULED SAID;29.420609;0.2455769;578;141;
SUD;ADRAR;TAMENTIT;27.766401;-0.26669899;424;46;7
SUD;ADRAR;TIMIAOUINE;20.894806;1.6760691;106;30;116
SUD;ADRAR;AOULEF;26.975294;1.0729818;599;79;474
SUD;ADRAR;ZAOUIET KOUNTA;27.226313;-0.2010233;835;93;264
SUD;ADRAR;SALI;27.03635;-0.0877444;625;106;117
SUD;ADRAR;KSAR KADDOUR;29.582739;0.3724815;510;248;170
SUD;ADRAR;DELDOUL;28.694201;0.42300001;300;45;
SUD;ADRAR;TIMOKTEN;27.022593;1.0442502;557;112;12
SUD;ADRAR;FENOUGHIL;27.649019;-0.30427781;608;83;0
SUD;ADRAR;INZEGMIR;27.098499;;798;63;115
SUD;ADRAR;BOUDA;27.95542;-0.42463151;403;60;8
SUD;ADRAR;TAMEST;27.45389;-0.26027781;277;28;1
SUD;ADRAR;METARFA;28.597229;-0.1448182;354;40;36
SUD;ADRAR;CHAROUINE;29.019556;-0.259657;408;45;0
SUD;ADRAR;OULED AISSA;29.423708;-8.8694803E-2;323;27;2
SUD;ADRAR;TINERKOUK;29.711748;0.7105267;1715;826;1926
SUD;ADRAR;BORDJ BADJI MOKHTAR;23.760643;-0.9056623;704;161;414
SUD;ADRAR;TSABIT;28.350403;-0.2186041;588;87;12
SUD;BECHAR;OULED KHOUDIR;29.255501;-1.0598108;166;4;4
SUD;BECHAR;BENI IKHLEF;29.580219;-1.604054;103;8;2
SUD;BECHAR;MOUGHEUL;32.023247;-2.2175179;18;1;9
SUD;BECHAR;BECHAR;31.61825;-2.214323;7906;526;1018
SUD;BECHAR;BOUKAIS;31.923019;-2.462651;41;1;0
SUD;BECHAR;EL OUATA;29.851585;-1.8269573;263;9;15
SUD;BECHAR;TIMMOUDI;29.318851;-1.1269073;101;12;6
SUD;BECHAR;MECHRAA HOUARI BOUMEDIENE;30.932247;-2.7375455;124;9;1
SUD;BECHAR;BENI ABBES;30.132469;-2.1671288;571;42;47
SUD;BECHAR;KENADSA;31.556946;-2.4233418;314;26;3
SUD;BECHAR;TAMERT;29.916668;-1.9;56;1;1
SUD;BECHAR;KERZAZ;29.462425;-1.4386365;236;21;90
SUD;BECHAR;ABADLA;31.010229;-2.7431421;752;85;139
SUD;BECHAR;LAHMAR;31.933016;-2.2581158;56;5;0
SUD;BECHAR;IGLI;30.452471;-2.2907524;184;19;7
SUD;BECHAR;KSABI;29.100662;-0.97250849;137;8;10
SUD;BECHAR;TABELBALA;29.40554;-3.2557385;528;40;54
SUD;BECHAR;MERIDJA;31.551741;-2.9450679;16;;0
SUD;BECHAR;TAGHIT;30.940866;-2.0210724;346;18;69
SUD;BECHAR;ERG FERRADJ;31.035402;-2.79197;241;12;1
SUD;BECHAR;BENI OUNIF;32.049244;-1.2457898;816;259;289
SUD;BISKRA;AIN NAGA;34.661118;6.1951318;307;17;39
SUD;BISKRA;OUMACHE;34.593636;5.7721205;725;172;646
SUD;BISKRA;EL KANTARA;35.192364;5.6668305;643;126;97
SUD;BISKRA;M_CHOUNECHE;34.933701;6.0255737;201;16;12
SUD;BISKRA;EL HADJEB;34.798904;5.6247668;253;89;131
SUD;BISKRA;DJEMORAH;35.102684;5.7089243;554;148;91
SUD;BISKRA;BESBES;34.141567;4.9766541;126;13;7
SUD;BISKRA;EL OUTAYA;34.976814;5.5827336;682;187;297
SUD;BISKRA;OULED DJELLAL;34.446682;5.1015224;2532;416;509
SUD;BISKRA;SIDI KHALED;34.386269;4.9558697;1321;224;193
SUD;BISKRA;FOUGHALA;34.758396;5.2997961;155;23;24
SUD;BISKRA;M_ZIRAA;34.832897;6.2800865;41;2;2
SUD;BISKRA;EL HAOUCH;34.581398;6.0255737;138;9;2
SUD;BISKRA;RAS EL MIAAD;33.97673;4.6450348;195;59;63
SUD;BISKRA;KHANGAT SIDI NADJI;34.82172;6.6958938;100;8;1
SUD;BISKRA;CHETMA;34.874989;5.8775964;530;92;17
SUD;BISKRA;BISKRA;34.837036;5.7510476;11190;2396;2929
SUD;BISKRA;TOLGA;34.729179;5.3802133;1632;356;662
SUD;BISKRA;ECH CHAIBA;34.679417;4.8105955;234;44;23
SUD;BISKRA;MLILI;34.578434;5.6247668;386;63;24
SUD;BISKRA;LICHANA;34.752872;5.4253759;226;58;24
SUD;BISKRA;DOUCEN;34.62347;5.1015224;204;21;30
SUD;BISKRA;EL GHROUS;34.705818;5.2843928;148;14;38
SUD;BISKRA;ZERIBET EL OUED;34.687817;6.5038786;775;186;306
SUD;BISKRA;BOUCHAGROUN;34.720829;5.4665823;243;36;36
SUD;BISKRA;MEKHADMA;34.553394;5.446332;120;18;5
SUD;BISKRA;OUGHLAL;34.538109;5.54073;417;57;36
SUD;BISKRA;EL FEIDH;34.4669;6.535645;266;46;13
SUD;BISKRA;SIDI OKBA;34.784927;5.9198389;1287;219;126
SUD;BISKRA;AIN ZAATOUT;35.184372;5.8353839;127;24;3
SUD;BISKRA;BRANIS;34.966969;5.793201;235;68;305
SUD;BISKRA;LIOUA;34.63681;5.3961325;197;21;13
SUD;BISKRA;BORDJ BEN AZZOUZ;34.706284;5.3573194;151;12;8
SUD;EL OUED;EL OGLA;33.246078;6.9437265;327;84;4
SUD;EL OUED;TAGHZOUT;33.470535;6.7975922;348;126;84
SUD;EL OUED;BENI GUECHA;34.032707;7.1790261;176;10;6
SUD;EL OUED;BAYADHA;33.320934;6.8930416;1139;443;171
SUD;EL OUED;EL MGHAIR;33.932732;5.9304037;2056;219;235
SUD;EL OUED;OUED EL ALENDA;33.238316;6.7547522;237;84;82
SUD;EL OUED;OURMES;33.414154;6.7828627;116;33;32
SUD;EL OUED;TENDLA;33.5448;6.4737;312;20;9
SUD;EL OUED;HAMRAIA;34.110878;6.2303867;146;39;71
SUD;EL OUED;SIDI AOUN;33.545174;6.906723;449;100;36
SUD;EL OUED;OUM TIOUR;34.151089;5.8327465;464;84;68
SUD;EL OUED;MAGRANE;33.561508;6.9308491;528;165;150
SUD;EL OUED;SIDI KHELLIL;33.838146;5.9607892;186;7;
SUD;EL OUED;TRIFAOU;33.419655;6.9356742;315;138;88
SUD;EL OUED;NAKHLA;33.280632;6.950438;341;80;15
SUD;EL OUED;TALEB LARBI;33.709122;7.3948822;524;38;8
SUD;EL OUED;EL OUED;33.371338;6.8479681;5890;2155;3438
SUD;EL OUED;MIH OUENSA;33.197502;6.7079287;356;75;23
SUD;EL OUED;MRARA;33.470314;5.6628857;323;32;12
SUD;EL OUED;KOUININE;33.401814;6.8297405;458;191;279
SUD;EL OUED;DOUAR EL MA;32.667858;7.6114216;691;47;317
SUD;EL OUED;SIDI AMRANE;33.499649;6.012464;731;95;86
SUD;EL OUED;DJAMAA;33.538357;5.9863586;1912;224;250
SUD;EL OUED;DEBILA;33.514809;6.9525328;1169;238;130
SUD;EL OUED;HASSI KHELIFA;33.560127;6.9907198;1003;303;264
SUD;EL OUED;STILL;34.328426;5.7721205;275;45;59
SUD;EL OUED;GUEMAR;33.509277;6.802949;1532;486;347
SUD;EL OUED;ROBBAH;33.285969;6.9048147;607;151;8
SUD;EL OUED;HASSANI ABDELKRIM;33.47636;6.8940845;764;204;88
SUD;EL OUED;REGUIBA;33.47636;6.8940845;523;153;148
SUD;GHARDAIA;ZELFANA;32.41016;4.2230835;1107;55;135
SUD;GHARDAIA;GOLEA;30.599588;2.8876436;4119;370;876
SUD;GHARDAIA;BOUNOURA;32.463326;3.6015208;477;133;164
SUD;GHARDAIA;HASSI LEFHAL;30.55715;2.9109712;141;17;44
SUD;GHARDAIA;DHAYET BENDAHOUA;32.542152;3.6116495;387;73;41
SUD;GHARDAIA;EL GUERRARA;32.790054;4.4922214;1932;329;274
SUD;GHARDAIA;HASSI EL GARAA;30.55715;2.9109712;1346;145;6
SUD;GHARDAIA;GHARDAIA;32.490223;3.6738412;5655;1424;2040
SUD;GHARDAIA;EL ATTEUF;32.47665;3.7471211;174;34;33
SUD;GHARDAIA;SEBSEB;32.166603;3.5838003;149;33;3
SUD;GHARDAIA;EL MANSOURA;31.980215;3.7511268;138;22;45
SUD;GHARDAIA;BERRIANE;32.833767;3.7718098;1295;397;535
SUD;GHARDAIA;METLILI;32.290825;3.5989888;2036;244;402
SUD;ILLIZI;IN AMENAS;28.046152;9.578475;1880;434;714
SUD;ILLIZI;DJANET;24.554569;9.4811602;654;166;554
SUD;ILLIZI;DEBDEB;29.967215;9.4223461;64;8;159
SUD;ILLIZI;BORDJ OMAR DRISS;28.115696;6.7547522;1164;507;840
SUD;ILLIZI;ILLIZI;26.509434;8.4732714;2154;386;1181
SUD;ILLIZI;BORDJ EL HAOUES;24.884993;8.4348726;19;4;91
SUD;LAGHOUAT;GUELTAT SIDI SAAD;34.296284;1.9416877;837;28;7
SUD;LAGHOUAT;HASSI DHELAA;33.418621;3.548378;667;95;4
SUD;LAGHOUAT;SEBGAG;33.901199;2.3676;134;7;5
SUD;LAGHOUAT;TADJEMOUT;33.879696;2.523921;400;29;8
SUD;LAGHOUAT;AIN MADHI;33.794659;2.2999821;331;13;10
SUD;LAGHOUAT;KHENEG;33.745396;2.7954106;379;26;0
SUD;LAGHOUAT;LAGHOUAT;33.797256;2.8694065;8021;1084;2339
SUD;LAGHOUAT;BEIDHA;34.344601;2.6147001;309;25;37
SUD;LAGHOUAT;AFLOU;34.107487;2.1008487;2585;175;394
SUD;LAGHOUAT;SIDI MAKHLOUF;34.127625;3.014781;240;37;2
SUD;LAGHOUAT;MEKHAREG;33.533001;3.0999999;371;16;47
SUD;LAGHOUAT;AIN SIDI ALI;34.166668;1.55;153;10;2
SUD;LAGHOUAT;TAOUILA;33.868958;1.8635409;50;3;0
SUD;LAGHOUAT;BRIDA;33.950073;1.7502311;150;12;4
SUD;LAGHOUAT;OUED MORRA;34.166668;2.3166668;80;1;0
SUD;LAGHOUAT;EL ASSAFIA;33.824558;2.990057;152;4;1
SUD;LAGHOUAT;EL HAOUAITA;33.646488;2.4529977;43;6;3
SUD;LAGHOUAT;OUED MZI;33.942314;2.9835877;84;2;209
SUD;LAGHOUAT;KSAR EL HIRANE;33.784767;3.1328011;755;31;160
SUD;LAGHOUAT;SIDI BOUZID;34.342999;2.263468;123;2;1
SUD;LAGHOUAT;HASSI RMEL;32.93499;3.2684214;2805;517;1375
SUD;LAGHOUAT;EL GHICHA;33.929939;2.1437967;184;4;0
SUD;LAGHOUAT;HADJ MECHRI;33.95713;1.5992068;100;5;4
SUD;LAGHOUAT;TADJROUNA;33.503632;2.101217;75;1;0
SUD;OUARGLA;EL ALLIA;32.699966;5.4227567;587;3;
SUD;OUARGLA;SIDI KHOUILED;31.976925;5.4175191;1065;87;848
SUD;OUARGLA;HASSI MESSAOUD;30.416773;5.3939552;3939;15;1569
SUD;OUARGLA;NEZLA;33.089382;6.0619707;1589;150;20
SUD;OUARGLA;TAMACINE;33.014568;6.0212107;991;97;580
SUD;OUARGLA;HASSI BEN ABDELLAH;32.025631;5.4691362;179;12;0
SUD;OUARGLA;NGOUSSA;32.139988;5.3128643;861;191;414
SUD;OUARGLA;TEBESBEST;33.116161;6.0838065;978;105;279
SUD;OUARGLA;MNAGUER;33.132656;6.3413672;287;9;
SUD;OUARGLA;EL HADJIRA;32.614296;5.514493;733;6;462
SUD;OUARGLA;TOUGGOURT;33.099609;6.0785103;1985;256;1336
SUD;OUARGLA;SIDI SLIMANE;33.290661;6.0930762;264;47;2
SUD;OUARGLA;OUARGLA;32.167782;4.9766541;7674;77;1704
SUD;OUARGLA;BENACEUR;33.109222;6.4450159;236;4;
SUD;OUARGLA;BALIDAT AMEUR;32.944725;5.9753265;469;29;4
SUD;OUARGLA;AIN BEIDA;31.945267;5.3952641;765;32;
SUD;OUARGLA;MEGARINE;33.19685;6.0961461;682;120;518
SUD;OUARGLA;ROUISSAT;31.931711;5.3468561;3114;14;719
SUD;OUARGLA;ZAOUIA EL ABIDIA;33.138573;6.0838065;599;100;18
SUD;OUARGLA;TAIBET;33.086346;6.3997502;815;21;533
SUD;TAMANRASSET;ABALESSA;22.187777;4.0695453;611;42;12
SUD;TAMANRASSET;IDLES;23.817398;5.9343662;90;10;35
SUD;TAMANRASSET;IN GUEZZAM;19.570854;5.7693849;393;144;153
SUD;TAMANRASSET;FOUGGARAT EZ ZOUAIA;27.35923;2.8452439;252;43;
SUD;TAMANRASSET;TIN ZAOUATINE;20.678492;3.4195528;188;45;44
SUD;TAMANRASSET;IN AMGUEL;24.485729;3.4195528;141;49;97
SUD;TAMANRASSET;IN SALAH;27.192778;2.4851463;2830;542;746
SUD;TAMANRASSET;TAMANRASSET;22.78882;5.5258107;4473;686;1103
SUD;TAMANRASSET;TAZROUK;23.420771;6.2614927;54;12;13
SUD;TAMANRASSET;IN GHAR;27.107742;1.9050391;303;106;1
SUD;TINDOUF;OUM EL ASSEL;28.193426;-5.3939552;420;23;84
SUD;TINDOUF;TINDOUF;27.676102;-8.1276522;2608;488;489
TELL;AIN DEFLA;AIN LECHIAKH;36.130569;2.4011123;966;156;24
TELL;AIN DEFLA;DJEMAA OULED CHEIKH;36.09433;2.0077317;187;21;31
TELL;AIN DEFLA;BELAAS;35.982445;1.8512951;167;16;5
TELL;AIN DEFLA;AIN TORKI;36.349758;2.2827384;375;68;25
TELL;AIN DEFLA;DJELIDA;36.179874;2.086133;970;187;53
TELL;AIN DEFLA;SIDI LAKHDAR;36.254601;2.1548474;563;88;54
TELL;AIN DEFLA;EL MAYENE;36.098579;1.7344155;237;22;24
TELL;AIN DEFLA;MEKHATRIA;36.344654;1.9588007;507;85;11
TELL;AIN DEFLA;OUED DJEMAA;36.04443;2.3616202;288;46;1
TELL;AIN DEFLA;EL HOCEINIA;36.349998;2.4000001;307;57;5
TELL;AIN DEFLA;MILIANA;36.318192;2.2335067;1608;227;299
TELL;AIN DEFLA;EL ATTAF;36.218437;1.7052325;2141;329;476
TELL;AIN DEFLA;DJENDEL;36.218189;2.4136925;1066;316;592
TELL;AIN DEFLA;BARBOUCHE;36.096176;2.4900942;182;35;20
TELL;AIN DEFLA;AIN BOUYAHIA;36.315037;1.7733566;259;36;7
TELL;AIN DEFLA;BIR OULED KHELIFA;36.188442;2.2138288;430;130;82
TELL;AIN DEFLA;KHEMIS MILIANA;36.253529;2.2138288;3266;514;738
TELL;AIN DEFLA;EL AMRA;36.357193;1.851343;919;121;8
TELL;AIN DEFLA;AIN-DEFLA;36.263187;1.9641064;3206;547;1292
TELL;AIN DEFLA;BATHIA;35.9347;1.7830973;132;7;
TELL;AIN DEFLA;BEN ALLAL;36.351948;2.1646719;199;36;0
TELL;AIN DEFLA;TACHTA ZEGARRA;36.360569;1.6178011;307;25;0
TELL;AIN DEFLA;TIBERKANINE;36.154125;1.6469253;469;51;57
TELL;AIN DEFLA;HAMMAM RIGHA;36.391533;2.3616202;401;74;144
TELL;AIN DEFLA;ROUINA;36.238419;1.8220818;597;100;88
TELL;AIN DEFLA;EL ABBADIA;36.27335;1.6566377;856;136;163
TELL;AIN DEFLA;ZEDDINE;36.151596;1.8220818;652;270;307
TELL;AIN DEFLA;BOUMEDFAA;36.345013;2.5197933;1006;104;71
TELL;AIN DEFLA;AIN SOLTANE;36.231392;2.3251576;562;117;45
TELL;AIN DEFLA;AIN BENIAN;36.353355;2.3764257;221;19;2
TELL;AIN DEFLA;OUED CHORFA;36.138374;2.5495112;386;118;11
TELL;AIN DEFLA;TARIK IBN ZIAD;35.961109;2.1646721;194;35;26
TELL;AIN DEFLA;BORDJ EMIR KHALED;36.09161;2.1646721;236;57;35
TELL;AIN DEFLA;EL HASSANIA;36.008633;1.9294682;104;22;20
TELL;AIN DEFLA;ARIB;36.354015;2.0469151;836;142;12
TELL;AIN DEFLA;BOURACHED;36.182491;1.9294682;932;111;24
TELL;AIN TEMOUCHENT;AIN EL ARBAA;35.403748;-0.88181508;977;120;60
TELL;AIN TEMOUCHENT;SIDI BOUMEDIENE;35.352928;-0.89492929;117;15;
TELL;AIN TEMOUCHENT;HAMMAM BOUHADJAR;35.370193;-0.9677301;1572;190;220
TELL;AIN TEMOUCHENT;EL AMRIA;35.525936;-1.0179304;1142;103;75
TELL;AIN TEMOUCHENT;AGHLAL;35.201935;-1.065797;244;29;
TELL;AIN TEMOUCHENT;SIDI SAFI;35.281929;-1.3107772;364;79;25
TELL;AIN TEMOUCHENT;CHENTOUF;35.299881;-1.0119509;114;17;2
TELL;AIN TEMOUCHENT;OULHACA GHERRABA;35.307251;-1.1424514;340;50;11
TELL;AIN TEMOUCHENT;BENI SAF;35.300476;-1.3710402;1984;384;555
TELL;AIN TEMOUCHENT;EL EMIR ABDELKADER;35.22044;-1.4072392;124;16;3
TELL;AIN TEMOUCHENT;OULED BOUDJEMAA;35.470966;-1.1917104;210;28;59
TELL;AIN TEMOUCHENT;EL MSAID;35.570801;-0.77869999;183;18;35
TELL;AIN TEMOUCHENT;TERGA;35.419033;-1.1797022;346;40;24
TELL;AIN TEMOUCHENT;OULED KIHAL;35.373386;-1.2217458;112;8;4
TELL;AIN TEMOUCHENT;EL MALAH;35.388309;-1.0945436;1049;182;315
TELL;AIN TEMOUCHENT;OUED BERKECHE;35.220467;-0.98565179;118;24;
TELL;AIN TEMOUCHENT;CHAABET EL HAM;35.33614;-1.1017334;480;83;17
TELL;AIN TEMOUCHENT;SIDI OURIACHE;35.186256;-1.5087605;76;3;
TELL;AIN TEMOUCHENT;BOUZEDJAR;35.579544;-1.1424989;111;3;35
TELL;AIN TEMOUCHENT;SIDI BEN ADDA;35.305214;-1.180903;773;96;37
TELL;AIN TEMOUCHENT;AIN TOLBA;35.255085;-1.2530057;554;77;0
TELL;AIN TEMOUCHENT;AIN KIHEL;35.200684;-1.2001181;279;48;6
TELL;AIN TEMOUCHENT;HASSI EL GHELLA;35.45446;-1.0514312;477;58;30
TELL;AIN TEMOUCHENT;OUGBELLIL;35.137955;-0.99282259;152;14;8
TELL;AIN TEMOUCHENT;OUED SEBBAH;35.374073;-0.81273693;315;58;24
TELL;AIN TEMOUCHENT;HASSASNA;35.273754;-0.98801231;132;22;31
TELL;AIN TEMOUCHENT;AIN-TEMOUCHENT;35.307251;-1.1424514;3840;494;1183
TELL;AIN TEMOUCHENT;TAMZOUGHA;35.413376;-0.6607039;356;100;368
TELL;ALGER;RAIS HAMIDOU;36.811291;3.0100658;1552;213;10
TELL;ALGER;DOUERA;36.649094;2.9275837;1850;396;301
TELL;ALGER;DRARIA;36.717285;3.0025616;1401;349;315
TELL;ALGER;BENI MESSOUS;36.782642;2.9725564;544;98;69
TELL;ALGER;BIR KHADEM;36.716274;3.0425978;1395;296;596
TELL;ALGER;DAR EL BEIDA;36.706013;3.2281983;1380;284;1696
TELL;ALGER;EL MADANIA;36.74118;3.0688896;731;116;24
TELL;ALGER;HARAOUA;36.768417;3.3086779;1158;270;113
TELL;ALGER;OUED SMAR;36.699348;3.1754558;792;179;931
TELL;ALGER;SAOULA;36.68972;3.0275803;887;198;158
TELL;ALGER;REGHAIA;36.743149;3.3387368;2889;725;868
TELL;ALGER;BORDJ EL KIFFAN;36.747189;3.1904321;2799;552;685
TELL;ALGER;SIDI MOUSSA;36.622978;3.1077278;1195;224;295
TELL;ALGER;KHRAISSIA;36.663658;2.9925578;860;198;194
TELL;ALGER;BORDJ EL BAHRI;36.779133;3.240468;873;172;236
TELL;ALGER;ALGER;36.753769;3.0587561;1708;288;1154
TELL;ALGER;OULED CHEBEL;36.604469;2.9875565;1069;328;359
TELL;ALGER;BEB EZZOUAR;36.720627;3.1854975;2752;536;957
TELL;ALGER;HAMMAMET;35.446232;7.9552732;390;57;29
TELL;ALGER;EL MAGHARIA;36.731998;3.1114879;634;106;55
TELL;ALGER;RAHMANIA;36.676411;2.9126022;416;136;725
TELL;ALGER;MOHAMMADIA;36.734951;3.1528692;1236;203;666
TELL;ALGER;EL HARRACH;36.702904;3.1428342;2711;535;339
TELL;ALGER;CHERAGA;36.762344;2.9225893;2352;430;1301
TELL;ALGER;AIN BENIAN;36.796509;2.9337916;1539;293;425
TELL;ALGER;SOUIDANIA;36.708984;2.9026172;741;166;155
TELL;ALGER;SIDI MHAMED;36.756336;3.0551159;2277;316;135
TELL;ALGER;DJISR KSENTINA;36.697876;3.079263;3171;530;490
TELL;ALGER;OUED KORICHE;36.78363;3.0400946;639;91;72
TELL;ALGER;BOUROUBA;36.711708;3.1152484;2168;403;63
TELL;ALGER;BOLOGHINE IBN ZIRI;36.805279;3.0350883;795;109;367
TELL;ALGER;HUSSEIN DEY;36.744148;3.1102345;1164;252;1144
TELL;ALGER;EL MARSA;36.811127;3.244873;261;40;25
TELL;ALGER;OULED FAYET;36.729549;2.9425697;1143;221;418
TELL;ALGER;DELY BRAHIM;36.75285;2.9800558;594;115;435
TELL;ALGER;BEN AKNOUN;36.757481;3.0100658;204;45;88
TELL;ALGER;BACH DJERRAH;36.726151;3.1180086;1985;390;94
TELL;ALGER;KOUBA;36.726673;3.0814946;1736;376;702
TELL;ALGER;EL ACHOUR;36.728558;2.9825559;774;202;403
TELL;ALGER;STAOUELI;36.751652;2.8881795;1548;265;591
TELL;ALGER;CASBAH;36.784496;3.058872;510;75;15
TELL;ALGER;MAHELMA;36.650547;2.867686;1728;395;853
TELL;ALGER;MOHAMED BELOUIZDAD;36.750568;3.070142;1311;200;45
TELL;ALGER;ZERALDA;36.694614;2.8277962;2375;482;400
TELL;ALGER;TASSALA EL MERDJA;36.622257;2.9225893;707;216;315
TELL;ALGER;EL BIAR;36.769009;3.0309947;838;137;102
TELL;ALGER;BOUZAREAH;36.781639;3.0125673;1236;231;206
TELL;ALGER;AIN TAYA;36.785252;3.2835138;946;194;66
TELL;ALGER;EL MOURADIA;36.749767;3.0488565;446;64;111
TELL;ALGER;BARAKI;36.667294;3.0985796;4272;731;1333
TELL;ALGER;ROUIBA;36.72591;3.2885456;2232;519;2101
TELL;ALGER;LES EUCALYPTUS;36.664528;3.1679256;2391;424;312
TELL;ALGER;BIR MOURAD RAIS;36.735348;3.0503738;811;170;382
TELL;ALGER;HYDRA;36.740952;3.0250778;419;96;366
TELL;ALGER;BIRTOUTA;36.646095;3.0476046;3062;934;1700
TELL;ALGER;BABA HASSEN;36.694378;2.9731071;540;110;242
TELL;ALGER;BAB EL OUED;36.792759;3.0513601;1327;192;85
TELL;ANNABA;TREAT;36.915874;7.4165053;564;128;79
TELL;ANNABA;AIN BERDA;36.644917;7.5900993;945;107;62
TELL;ANNABA;CHEURFA;36.72361;7.5788975;353;37;31
TELL;ANNABA;SERAIDI;36.944893;7.6331129;321;58;17
TELL;ANNABA;OUED EL ANEB;36.910431;7.503067;1083;347;438
TELL;ANNABA;EL BOUNI;36.853577;7.7431526;5247;606;756
TELL;ANNABA;EL HADJAR;36.760906;7.6656623;2078;236;395
TELL;ANNABA;ANNABA;36.926456;7.7525353;9248;1568;1900
TELL;ANNABA;EULMA;36.698978;7.4597726;428;54;60
TELL;ANNABA;SIDI AMER;36.803745;7.6656623;3321;372;384
TELL;ANNABA;CHETAIBI;37.004074;7.3732653;246;82;66
TELL;ANNABA;BERRAHEL;36.827564;7.4597726;2089;426;486
TELL;BEJAIA;TICHI;36.668274;5.1550884;721;170;28
TELL;BEJAIA;BENI MAOUCHE;36.50708;4.7578311;259;126;33
TELL;BEJAIA;FERRAOUN;36.557404;4.8647017;523;125;17
TELL;BEJAIA;KENDIRA;36.540409;5.0268197;162;45;5
TELL;BEJAIA;TOUDJA;36.749077;4.8899903;365;157;113
TELL;BEJAIA;OUZELLAGUEN;36.554344;4.5727596;1228;801;1152
TELL;BEJAIA;SOUK OUFELLA;36.611439;4.6295395;256;110;126
TELL;BEJAIA;IFELAIN ILMATHEN;36.669109;4.7680573;641;156;139
TELL;BEJAIA;KHERRATA;36.493137;5.2781277;1206;254;215
TELL;BEJAIA;AKBOU;36.459015;4.5334783;2833;1806;4081
TELL;BEJAIA;CHELATA;36.51355;4.5108862;340;213;46
TELL;BEJAIA;M CISNA;36.563408;4.7103682;278;180;44
TELL;BEJAIA;SIDI AICH;36.609016;4.6915483;635;285;405
TELL;BEJAIA;SIDI AYAD;36.612228;4.7159414;253;102;25
TELL;BEJAIA;AMIZOUR;36.642117;4.9033341;1505;477;329
TELL;BEJAIA;TINEBDAR;36.630154;4.70189;223;85;28
TELL;BEJAIA;DARGUINA;36.564632;5.3059897;526;125;63
TELL;BEJAIA;AIT R_ZINE;36.38319;4.5315027;623;371;93
TELL;BEJAIA;BOUHAMZA;36.445282;4.6853714;397;206;109
TELL;BEJAIA;SOUK EL TENINE;36.625652;5.3360214;636;98;254
TELL;BEJAIA;AIT SMAIL;36.546345;5.2302327;404;88;32
TELL;BEJAIA;ADEKAR;36.69421;4.6690731;265;55;24
TELL;BEJAIA;IGHRAM;36.462467;4.5048938;575;356;225
TELL;BEJAIA;TIFRA;36.666737;4.6963496;268;83;16
TELL;BEJAIA;TIMZRIT;36.615158;4.7749157;1377;513;303
TELL;BEJAIA;TALA HAMZA;36.687679;5.0078449;411;120;274
TELL;BEJAIA;TASKRIOUT;36.551945;5.2841177;644;160;87
TELL;BEJAIA;LEFLAYE;36.609032;4.6714263;221;80;89
TELL;BEJAIA;BENI KSILA;36.83968;4.7070618;64;17;54
TELL;BEJAIA;BEJAIA;36.750889;5.0567331;8632;2707;4693
TELL;BEJAIA;SEMAOUNE;36.61496;4.8236618;672;234;388
TELL;BEJAIA;BENI DJELLIL;36.572926;4.8107681;185;64;17
TELL;BEJAIA;AKFADOU;36.630718;4.6243987;189;55;20
TELL;BEJAIA;TAMOKRA;36.398373;4.6673431;139;63;10
TELL;BEJAIA;OUED GHIR;36.709393;4.9795489;862;316;360
TELL;BEJAIA;DRAA EL KAID;36.429535;5.2475519;707;165;58
TELL;BEJAIA;TAOURIRT IGHIL;36.725159;4.7383232;183;33;14
TELL;BEJAIA;BOUKHELIFA;36.669842;5.0880837;245;76;9
TELL;BEJAIA;BARBACHA;36.572941;4.9712391;428;121;34
TELL;BEJAIA;TAMRIDJET;36.583313;5.4253759;235;53;2
TELL;BEJAIA;BENI MELIKECH;36.446377;4.4140191;350;142;11
TELL;BEJAIA;AOKAS;36.636955;5.2440624;673;113;127
TELL;BEJAIA;TAZMALT;36.387806;4.4079213;1425;619;852
TELL;BEJAIA;TIZI NBERBER;36.613461;5.2176318;361;64;21
TELL;BEJAIA;AMALOU;36.477463;4.6325855;396;182;176
TELL;BEJAIA;SEDDOUK;36.544666;4.6868668;873;476;467
TELL;BEJAIA;CHEMINI;36.595688;4.615231;518;231;63
TELL;BEJAIA;MELBOU;36.628273;5.3834853;422;62;31
TELL;BEJAIA;EL KSEUR;36.680328;4.8545628;1391;432;684
TELL;BEJAIA;IGHIL ALI;36.337986;4.4702129;265;115;35
TELL;BEJAIA;TIBANE;36.61272;4.651351;130;48;17
TELL;BEJAIA;BOUDJELLIL;36.350674;4.4111705;744;347;280
TELL;BLIDA;BOUARFA;36.425419;2.7979009;1478;360;16
TELL;BLIDA;BOUINAN;36.518112;2.9875565;905;237;476
TELL;BLIDA;MOUZAIA;36.471397;2.6785092;1845;445;620
TELL;BLIDA;OUED DJER;36.420147;2.5495112;249;28;6
TELL;BLIDA;HAMMAM MELOUANE;36.420593;2.9975593;96;8;3
TELL;BLIDA;GUERROUAOU;36.482872;2.8826535;452;158;379
TELL;BLIDA;BENI MERED;36.526802;2.8527236;1250;382;661
TELL;BLIDA;LARBAA;36.589302;3.1578875;2237;509;585
TELL;BLIDA;EL AFFROUN;36.440498;2.6090043;1743;308;189
TELL;BLIDA;BOUFARIK;36.584858;2.9076095;2969;650;879
TELL;BLIDA;CHIFFA;36.459465;2.728219;866;157;63
TELL;BLIDA;DJEBABRA;36.581078;3.2633917;98;17;13
TELL;BLIDA;SOUHANE;36.532917;3.2483058;5;1;1
TELL;BLIDA;BEN KHELIL;36.60788;2.8477371;732;179;259
TELL;BLIDA;AIN ROMANA;36.396358;2.6487086;328;54;91
TELL;BLIDA;BOUGARA;36.471836;3.1077278;778;128;76
TELL;BLIDA;CHEBLI;36.578236;3.0085182;702;163;202
TELL;BLIDA;MEFTAH;36.619785;3.2281983;2130;498;376
TELL;BLIDA;CHREA;36.433624;2.9076095;38;11;9
TELL;BLIDA;BLIDA;36.47987;2.8005676;6591;1810;3239
TELL;BLIDA;OULED SLAMA;36.51453;3.1277854;427;75;103
TELL;BLIDA;OULED YAICH;36.504719;2.8726747;3257;876;914
TELL;BLIDA;SOUMAA;36.498474;2.9076095;926;208;126
TELL;BLIDA;BENI TAMOU;36.543591;2.8277962;1024;278;446
TELL;BLIDA;OUED EL ALLEUG;36.566582;2.7680247;1206;400;157
TELL;BOUIRA;EL ADJIBA;36.374996;4.1616144;644;174;105
TELL;BOUIRA;AIN EL HADJAR;36.365562;3.7943158;301;87;19
TELL;BOUIRA;OUED EL BERDI;36.263893;3.9266503;568;229;516
TELL;BOUIRA;EL KHABOUZIA;36.317406;3.6015208;189;39;
TELL;BOUIRA;BORDJ OUKHRISS;36.081707;3.973696;513;116;102
TELL;BOUIRA;SAHARIDJ;36.425797;4.2538452;362;58;12
TELL;BOUIRA;TAGUEDIT;35.981133;3.9470396;118;15;16
TELL;BOUIRA;BOUKRAM;36.529575;3.3691242;80;23;3
TELL;BOUIRA;HAIZER;36.432896;4.0491076;755;261;0
TELL;BOUIRA;DJEBAHIA;36.454597;3.7130494;574;161;45
TELL;BOUIRA;HADJERA ZERGA;35.919186;3.8451731;75;11;9
TELL;BOUIRA;OULED RACHED;36.171749;4.0899911;315;84;
TELL;BOUIRA;RIDANE;36.073849;3.4619839;44;20;8
TELL;BOUIRA;AOMAR;36.495895;3.7739868;683;212;197
TELL;BOUIRA;AGHBALOU;36.433281;4.3462372;510;163;20
TELL;BOUIRA;DECHMIA;36.130592;3.5765977;181;35;
TELL;BOUIRA;MAAMORA;36.033566;3.5518551;108;18;7
TELL;BOUIRA;MAALA;36.442894;3.869348;118;32;
TELL;BOUIRA;BOUDERBALA;36.569275;3.4902391;315;111;7
TELL;BOUIRA;BIR GHBALOU;36.264172;3.5711465;313;82;109
TELL;BOUIRA;SOUR EL GHOZLANE;36.149223;3.6901553;2171;527;651
TELL;BOUIRA;DIRAH;35.999783;3.7545829;406;74;46
TELL;BOUIRA;MEZDOUR;36.086353;4.0491076;401;117;94
TELL;BOUIRA;ZBARBAR;36.48172;3.5306766;54;13;1
TELL;BOUIRA;ATH MANSOUR;36.294571;4.2948885;631;165;207
TELL;BOUIRA;LAKHDARIA;36.56628;3.5913939;1812;476;629
TELL;BOUIRA;RAOURAOUA;36.219006;3.6319132;209;51;26
TELL;BOUIRA;EL HACHIMIA;36.21994;3.8153696;781;247;214
TELL;BOUIRA;EL HAKIMIA;36.091492;3.7801962;57;13;6
TELL;BOUIRA;BECHLOUL;36.34502;4.0899911;531;125;
TELL;BOUIRA;AHL EL KSAR;36.259823;4.0491076;407;104;
TELL;BOUIRA;AIT LAAZIZ;36.44944;3.8757119;594;228;
TELL;BOUIRA;AIN LALOUI;36.301914;3.7536664;283;85;61
TELL;BOUIRA;GUERROUMA;36.463051;3.4296446;132;33;7
TELL;BOUIRA;KADIRIA;36.520023;3.6927531;568;184;35
TELL;BOUIRA;AIN TURK;36.408173;3.8146527;305;86;
TELL;BOUIRA;MCHEDALLAH;36.371391;4.2641029;1248;261;293
TELL;BOUIRA;HANIF;36.254181;4.2128339;565;94;192
TELL;BOUIRA;SOUK EL KHEMIS;36.388226;3.6375351;257;57;18
TELL;BOUIRA;BOUIRA;36.377628;3.8962348;4401;1333;3269
TELL;BOUIRA;TAGHZOUT;36.425163;3.9572375;475;171;1
TELL;BOUIRA;AIN BESSAM;36.400238;3.7232006;1785;374;397
TELL;BOUIRA;CHORFA;36.369183;4.3256917;524;165;281
TELL;BOUIRA;EL MOKRANI;36.436085;3.6116495;82;13;9
TELL;BOUIRA;EL ASNAM;36.357571;4.0388918;497;150;1
TELL;BOUMERDES;CHABET EL AMEUR;36.617435;3.6826079;874;313;156
TELL;BOUMERDES;SIDI DAOUD;36.855606;3.8583028;268;52;94
TELL;BOUMERDES;BORDJ MENAIEL;36.755249;3.7536664;2292;425;342
TELL;BOUMERDES;AFIR;36.843346;3.9897847;433;185;45
TELL;BOUMERDES;BOUZEGZA KEDDARA;36.626152;3.4789503;248;92;183
TELL;BOUMERDES;TIDJELABINE;36.720184;3.4902391;598;185;205
TELL;BOUMERDES;DELLYS;36.878361;3.9368439;728;210;636
TELL;BOUMERDES;LARBATACHE;36.636147;3.371541;498;163;144
TELL;BOUMERDES;EL KHARROUBA;36.614178;3.4296446;187;47;133
TELL;BOUMERDES;AMMAL;36.630993;3.5913939;230;55;22
TELL;BOUMERDES;BOUMERDES;36.758011;3.4851868;1962;515;1336
TELL;BOUMERDES;BEN CHOUD;36.852673;3.9011748;154;55;34
TELL;BOUMERDES;THENIA;36.739929;3.5509074;598;125;180
TELL;BOUMERDES;TAOURGA;36.792377;3.9368439;162;62;67
TELL;BOUMERDES;KHEMIS EL KHECHNA;36.638592;3.3288183;2223;951;1307
TELL;BOUMERDES;CORSO;36.737656;3.4447863;715;198;278
TELL;BOUMERDES;BENI AMRANE;36.658394;3.5762076;590;148;69
TELL;BOUMERDES;TIMEZRIT;36.662277;3.7993991;213;53;15
TELL;BOUMERDES;BAGHLIA;36.79438;3.8757119;413;98;198
TELL;BOUMERDES;DJINET;36.841927;3.7333536;906;150;142
TELL;BOUMERDES;LAGHATA;36.779297;3.6724648;356;59;16
TELL;BOUMERDES;OULED MOUSSA;36.680004;3.3892894;1480;508;729
TELL;BOUMERDES;OULED AISSA;36.796349;3.8146527;153;25;
TELL;BOUMERDES;SI MUSTAPHA;36.738106;3.6116495;532;107;83
TELL;BOUMERDES;NACIRIA;36.731792;3.8146527;515;108;19
TELL;BOUMERDES;ISSER;36.69318;3.6724648;898;242;323
TELL;BOUMERDES;BOUDOUAOU;36.700401;3.4296446;2174;602;843
TELL;BOUMERDES;SOUK EL HAD;36.690411;3.5863314;157;36;9
TELL;BOUMERDES;BOUDOUAOU EL BAHRI;36.760628;3.3943319;332;98;99
TELL;BOUMERDES;OULED HADJADJ;36.5924;3.7902999;569;259;579
TELL;BOUMERDES;HAMMEDI;36.678123;3.2633917;1013;451;969
TELL;BOUMERDES;ZEMMOURI;36.785965;3.6010513;584;136;114
TELL;CHLEF;EL MARSA;36.40316;0.91759109;433;62;45
TELL;CHLEF;CHLEF;36.147423;1.3083684;7784;1397;2135
TELL;CHLEF;MOUSSADEK;36.353699;1.0083637;112;20;2
TELL;CHLEF;TENES;36.510353;1.307845;1415;165;248
TELL;CHLEF;TADJENA;36.325455;1.1377008;651;67;24
TELL;CHLEF;OULED ABBES;36.221279;1.4918236;238;37;28
TELL;CHLEF;OUED SLY;36.104778;1.2313617;2042;492;734
TELL;CHLEF;HARCHOUN;36.112698;1.4918236;359;60;61
TELL;CHLEF;ABOU EL HASSEN;36.408855;1.1929114;733;142;80
TELL;CHLEF;ZEBOUDJA;36.405869;1.4628042;419;45;71
TELL;CHLEF;SIDI ABDERRAHMANE;36.492275;1.0957417;152;13;17
TELL;CHLEF;SENDJAS;36.059174;1.4241426;515;97;2
TELL;CHLEF;BOUKADIR;36.056942;1.1209121;1825;249;146
TELL;CHLEF;OUED GHOUSSINE;36.503342;1.4531355;100;4;2
TELL;CHLEF;BENI BOUATTAB;36.001945;1.6469253;46;12;
TELL;CHLEF;OULED FARES;36.231606;1.236999;1753;166;218
TELL;CHLEF;OUED FODDA;36.198837;1.5499212;1109;121;144
TELL;CHLEF;BOUZEGHAIA;36.339748;1.2417743;529;48;47
TELL;CHLEF;TALASSA;36.428822;1.0849591;303;35;4
TELL;CHLEF;EL KARIMIA;36.089977;1.5693045;645;139;212
TELL;CHLEF;OULED BEN ABDELKADER;36.017391;1.2698475;725;102;24
TELL;CHLEF;BREIRA;36.447678;1.5789994;103;4;2
TELL;CHLEF;HERENFA;36.244923;1.0514312;271;32;2
TELL;CHLEF;OUM DROU;36.200508;1.4144827;400;78;59
TELL;CHLEF;DAHRA;36.257359;0.85083449;260;11;6
TELL;CHLEF;CHETTIA;36.159;1.2409799;2295;349;238
TELL;CHLEF;BENI RACHED;36.275391;1.5015008;394;51;18
TELL;CHLEF;LABIODH MEDJADJA;36.276783;1.385516;280;52;9
TELL;CHLEF;BENAIRIA;36.354004;1.374987;311;26;3
TELL;CHLEF;SOBHA;36.110035;1.110123;847;121;15
TELL;CHLEF;SIDI AKKACHA;36.450512;1.3469247;743;138;295
TELL;CHLEF;AIN MERANE;36.160851;0.97786862;795;126;88
TELL;CHLEF;EL HADJADJ;36.016556;1.3469247;207;26;1
TELL;CHLEF;TAOUGRITE;36.245983;0.92236358;527;40;35
TELL;CHLEF;BENI HAOUA;36.49144;1.5402327;300;13;23
TELL;CONSTANTINE;ZIGHOUD YOUCEF;36.530918;6.7028904;1359;286;210
TELL;CONSTANTINE;BENI HAMIDENE;36.537254;6.5569882;228;31;
TELL;CONSTANTINE;CONSTANTINE;36.360153;6.6424332;12931;2763;3318
TELL;CONSTANTINE;AIN ABID;36.213589;6.9423842;1342;129;93
TELL;CONSTANTINE;OULED RAHMOUN;36.220993;6.8136644;838;175;56
TELL;CONSTANTINE;DIDOUCHE MOURAD;36.456566;6.6531215;1236;266;244
TELL;CONSTANTINE;EL KHROUB;36.271442;6.6851983;10376;2381;3137
TELL;CONSTANTINE;HAMMA BOUZIANE;36.418198;6.5676627;2288;324;268
TELL;CONSTANTINE;IBN ZIAD;36.37183;6.4290361;337;55;67
TELL;CONSTANTINE;BEN BADIS;36.372444;6.6178036;958;192;271
TELL;CONSTANTINE;MESAOUD BOUDJERIOU;36.460358;6.3864427;234;37;5
TELL;CONSTANTINE;AIN SMARA;36.283188;6.4716582;798;176;136
TELL;EL TARF;CHBAITA MOKHTAR;36.736668;7.7090855;643;74;79
TELL;EL TARF;BESBES;36.719566;7.8068852;1801;519;638
TELL;EL TARF;LAC DES OISEAUX;36.774826;8.1010923;580;89;16
TELL;EL TARF;AIN KERMA;36.564453;8.1994276;317;49;40
TELL;EL TARF;BERRIHANE;36.830555;8.0683432;597;97;50
TELL;EL TARF;RAML SOUK;36.786526;8.5355492;194;5;7
TELL;EL TARF;DREAN;36.692387;7.7308068;1305;153;205
TELL;EL TARF;EL KALA;36.890457;8.445076;1325;87;152
TELL;EL TARF;ZERIZER;36.723804;7.90482;448;76;72
TELL;EL TARF;El-TARF;36.729881;8.2869482;1492;184;511
TELL;EL TARF;AIN EL ASSEL;36.79475;8.429389;634;61;45
TELL;EL TARF;BOUTELDJA;36.778774;8.1994276;1149;196;767
TELL;EL TARF;BOUGOUS;36.680901;8.3745718;332;43;
TELL;EL TARF;CHIHANI;36.630924;7.8503952;269;39;14
TELL;EL TARF;BOUHADJAR;36.527508;8.1120119;714;92;94
TELL;EL TARF;ASFOUR;36.665123;7.9810843;398;32;3
TELL;EL TARF;ZITOUNA;36.647228;8.2431746;367;32;1
TELL;EL TARF;ECHATT;36.812359;7.8612766;1152;162;192
TELL;EL TARF;CHEFIA;36.656258;8.1120119;295;31;0
TELL;EL TARF;HAMMAM BENI SALAH;36.536362;7.9810843;131;26;44
TELL;EL TARF;BEN MHIDI;36.750839;7.9810843;2067;343;362
TELL;EL TARF;OUED ZITOUN;36.435982;8.0356083;152;19;
TELL;EL TARF;EL AIOUN;36.823292;8.6270628;179;14;0
TELL;EL TARF;SOUAREKH;36.879105;8.5940809;265;8;
TELL;GUELMA;MEDJEZ AMAR;36.445766;7.3091316;487;73;44
TELL;GUELMA;OUED ZENATI;36.313904;7.1628647;893;159;204
TELL;GUELMA;TAMLOUKA;36.157394;7.139976;394;101;93
TELL;GUELMA;SELIAOUA ANNOUNA;36.386677;7.2518005;61;4;1
TELL;GUELMA;MEDJEZ SFA;36.433968;7.7824225;329;49;38
TELL;GUELMA;ROKNIA;36.545128;7.2342734;326;34;4
TELL;GUELMA;BOUMAHRA AHMED;36.458008;7.5125413;618;74;19
TELL;GUELMA;BOUATI MAHMOUD;36.590565;7.3260031;488;191;46
TELL;GUELMA;HELIOPOLIS;36.502003;7.4327273;862;93;26
TELL;GUELMA;HAMMAM NBAIL;36.324669;7.6412487;301;34;30
TELL;GUELMA;BOUHACHANA;36.30687;7.5078039;111;25;4
TELL;GUELMA;AIN SANDEL;36.243172;7.5132179;78;3;1
TELL;GUELMA;HOUARI BOUMEDIENE;36.417015;7.2841697;179;16;17
TELL;GUELMA;BOUHAMDANE;36.462254;7.1144037;86;2;0
TELL;GUELMA;AIN LARBI;36.459103;7.4324999;166;16;
TELL;GUELMA;BENDJERRAH;36.431263;7.3698883;270;34;19
TELL;GUELMA;BENI MEZLINE;36.481743;7.6046448;176;25;6
TELL;GUELMA;AIN REGGADA;36.261288;7.0727019;179;41;16
TELL;GUELMA;GUELAAT BOUSBAA;36.550182;7.4787102;270;25;23
TELL;GUELMA;DJEBALLAH KHEMISSI;36.464535;7.568737;177;25;5
TELL;GUELMA;OUED CHEHAM;36.382481;7.7674775;271;35;14
TELL;GUELMA;OUED FRAGHA;36.556801;7.7118001;323;62;27
TELL;GUELMA;NECHMAYA;36.612583;7.5111876;308;55;39
TELL;GUELMA;DAHOUARA;36.352299;7.7348804;166;50;70
TELL;GUELMA;AIN BEN BEIDA;36.616669;7.6999998;421;190;198
TELL;GUELMA;BOUCHEGOUF;36.471928;7.7362385;1108;143;255
TELL;GUELMA;KHEZARA;36.370525;7.5342016;311;42;1
TELL;GUELMA;BELKHEIR;36.45879;7.4787102;726;169;514
TELL;GUELMA;GUELMA;36.458977;7.4327273;5035;685;1483
TELL;GUELMA;HAMMAM DEBAGH;36.458866;7.2598915;516;58;203
TELL;GUELMA;AIN MAKHLOUF;36.24651;7.2518005;236;58;53
TELL;GUELMA;RAS EL AGBA;36.458977;7.4327273;66;5;2
TELL;GUELMA;EL FEDJOUDJ;36.504692;7.3894773;312;63;225
TELL;GUELMA;BORDJ SABATH;36.402901;7.0485001;205;17;6
TELL;JIJEL;OULED RABAH;36.596912;6.1699338;390;35;3
TELL;JIJEL;EL ANCER;36.798904;6.159327;549;61;4
TELL;JIJEL;TEXENNA;36.664909;5.7510476;487;83;25
TELL;JIJEL;CHAHNA;36.677078;5.954843;331;53;19
TELL;JIJEL;CHEKFA;36.771584;5.9581466;754;75;22
TELL;JIJEL;SIDI ABDELAZIZ;36.854656;6.0526981;339;32;3
TELL;JIJEL;ERRAGUENE;36.580212;5.5774069;17;3;
TELL;JIJEL;EL AOUANA;36.745682;5.6352801;427;66;21
TELL;JIJEL;JIJEL;36.816738;5.7490935;4062;770;1383
TELL;JIJEL;KAOUS;36.740658;5.7405138;949;204;37
TELL;JIJEL;DJEMAA BENI HABIBI;36.808868;6.1222177;261;15;8
TELL;JIJEL;EL KENNAR NOUCHFI;36.82568;5.9627714;541;49;60
TELL;JIJEL;ZIAMA MANSOURIA;36.633781;5.4987564;465;26;79
TELL;JIJEL;OUDJANA;36.690468;5.888154;345;38;44
TELL;JIJEL;EL MILIA;36.750729;6.2853999;3888;773;1609
TELL;JIJEL;BOUSSIF OULED AKSEUR;36.642273;6.01896;196;5;4
TELL;JIJEL;BOURAOUI BELHADEF;36.697723;6.1043334;99;8;
TELL;JIJEL;EMIR ABDELKADER;36.778488;5.8459339;1219;214;97
TELL;JIJEL;CHEBBALA MILAT;36.542847;5.5446682;110;22;6
TELL;JIJEL;BORDJ TAHER;36.749199;6.0295424;77;4;5
TELL;JIJEL;OULED YAHIA KHADROUCHE;36.686752;6.1739116;480;84;17
TELL;JIJEL;BOUDRIA BENI YADJIS;36.588066;5.7826595;397;141;48
TELL;JIJEL;SIDI MAAROUF;36.64259;6.2734451;606;50;2
TELL;JIJEL;DJIMLA;36.317966;5.793201;575;97;74
TELL;JIJEL;KIMIR OUED ADJOUL;36.875069;6.1381187;177;23;10
TELL;JIJEL;SELMA BEN ZIADA;36.670933;5.6247668;10;1;
TELL;JIJEL;SETTARA;36.718525;6.3359008;530;45;4
TELL;JIJEL;TAHER;36.77536;5.9092755;3533;471;961
TELL;MASCARA;SEHAILIA;35.444653;0.40309399;184;11;16
TELL;MASCARA;FERRAGUIG;35.367344;0.54469121;81;3;
TELL;MASCARA;RAS EL AIN AMIROUCHE;35.466301;0.228;382;46;32
TELL;MASCARA;EL GUEITNA;35.40831;-5.7161301E-2;182;14;39
TELL;MASCARA;OUED EL ABTAL;35.4552;0.68757403;714;131;272
TELL;MASCARA;SIDI ABDELMOUMENE;35.654652;0.0128247;751;72;64
TELL;MASCARA;NESMOTH;35.236187;0.3936722;88;6;1
TELL;MASCARA;HACINE;35.461758;-4.6629999E-3;420;157;161
TELL;MASCARA;MAKDA;35.0424;0.73610002;111;6;1
TELL;MASCARA;MASCARA;35.397457;0.13884459;5351;834;1541
TELL;MASCARA;EL HACHEM;35.113091;9.1031604E-2;343;8;5
TELL;MASCARA;OUED TAGHIA;35.113091;9.1031604E-2;426;39;19
TELL;MASCARA;SIDI KADA;35.33176;0.34164071;295;25;7
TELL;MASCARA;GHARROUS;35.125908;0.44659841;97;11;1
TELL;MASCARA;GHRISS;35.23671;0.16822711;1003;123;112
TELL;MASCARA;BENIAN;35.099998;0.25;118;8;1
TELL;MASCARA;SIDI BOUSSAID;35.280437;0.28078681;146;8;4
TELL;MASCARA;ALAIMIA;35.549;0.21969999;203;22;12
TELL;MASCARA;GUERDJOUM;35.180473;7.3508799E-2;60;5;8
TELL;MASCARA;SIG;35.543781;-0.16822711;3716;529;479
TELL;MASCARA;BOUHANIFIA;35.316433;-4.8990201E-2;870;94;63
TELL;MASCARA;MOCTADOUZ;35.606804;-4.8990201E-2;336;33;5
TELL;MASCARA;AOUF;35.104351;0.35600761;181;3;1
TELL;MASCARA;TIZI;35.315739;0.0716931;498;99;46
TELL;MASCARA;ZELMATA;35.291714;0.4752897;95;3;2
TELL;MASCARA;EL BORDJ;35.510609;0.3277829;330;24;8
TELL;MASCARA;MAOUSSA;35.379803;0.2460604;287;27;22
TELL;MASCARA;AIN FEKAN;35.220341;-0.0139908;296;25;3
TELL;MASCARA;TIGHENNIF;35.415432;0.3296454;1398;149;354
TELL;MASCARA;EL GAADA;35.403599;0.2554;214;36;10
TELL;MASCARA;FROHA;35.302662;0.12825359;334;36;6
TELL;MASCARA;AIN FERAH;35.381107;0.78537631;161;57;53
TELL;MASCARA;MATMORE;35.313511;0.21508729;288;37;107
TELL;MASCARA;SIDI ABDELDJABAR;35.442589;0.52333111;78;9;1
TELL;MASCARA;AIN FARES;35.456036;0.2432307;351;44;4
TELL;MASCARA;CHORFA;35.39542;-0.26053199;254;5;8
TELL;MASCARA;EL GHOMRI;35.68726;0.2068827;378;66;143
TELL;MASCARA;ZAHANA;35.515839;-0.4078058;842;76;130
TELL;MASCARA;SEDJERARA;35.629391;0.2120588;230;6;1
TELL;MASCARA;EL KEURT;35.380005;9.2431702E-2;211;27;
TELL;MASCARA;AIN FRASS;35.486156;0.241138;28;3;2
TELL;MASCARA;EL MAMOUNIA;35.425602;0.1404947;400;65;4
TELL;MASCARA;MOHAMMADIA;35.587658;0.0559939;3443;402;544
TELL;MASCARA;KHALOUIA;35.461399;0.2948797;80;16;1
TELL;MASCARA;BOUHENNI;35.557549;-0.0863581;359;35;25
TELL;MASCARA;EL MENAOUER;35.532215;0.42194441;91;5;1
TELL;MASCARA;OGGAZ;35.561405;-0.2584835;994;244;737
TELL;MEDEA;EL AZIZIA;36.309872;3.4902391;231;43;32
TELL;MEDEA;BOUSKENE;36.15543;3.1980526;298;35;39
TELL;MEDEA;SI MAHDJOUB;36.17741;2.7481177;248;23;2
TELL;MEDEA;AISSAOUIA;36.403786;3.2281983;33;1;0
TELL;MEDEA;SOUAGUI;36.121521;3.2483058;373;92;34
TELL;MEDEA;SIDI DAMED;35.804169;3.318747;129;17;60
TELL;MEDEA;BOUAICHE;35.586887;2.341887;138;4;2
TELL;MEDEA;MIHOUB;35.586887;2.341887;115;19;2
TELL;MEDEA;HANNACHA;36.180943;2.5891647;159;27;0
TELL;MEDEA;AIN BOUCIF;35.85207;3.1578875;1214;53;154
TELL;MEDEA;OUAMRI;36.2575;2.5594213;346;69;0
TELL;MEDEA;BOUCHRAHIL;36.286591;3.1578875;207;17;1
TELL;MEDEA;REBAIA;36.027218;3.1177554;101;9;8
TELL;MEDEA;DEUX BASSINS;36.469433;3.2992134;34;1;2
TELL;MEDEA;CHENIGUEL;35.922581;3.5667007;63;3;
TELL;MEDEA;SEDRAIA;36.242508;3.5288363;97;30;12
TELL;MEDEA;MFATHA;35.901688;2.9175954;89;15;5
TELL;MEDEA;EL GUELBELKEBIR;36.247204;3.4094629;272;27;26
TELL;MEDEA;SIDI ERRABIA;36.275436;3.3071525;103;5;
TELL;MEDEA;DRAA ESSMAR;36.265072;2.7083287;197;27;
TELL;MEDEA;TLATET ED DOUAIR;35.966667;2.9666669;161;21;
TELL;MEDEA;BEN CHICAO;36.196789;2.8477371;173;9;
TELL;MEDEA;OUED HARBIL;36.244724;2.6487086;133;10;
TELL;MEDEA;TAFRAOUT;35.978355;3.318747;70;10;
TELL;MEDEA;OULED BOUACHRA;36.091461;2.7083287;53;9;
TELL;MEDEA;MEZRENNA;36.335552;3.3489671;95;9;39
TELL;MEDEA;BERROUAGHIA;36.162567;2.9175954;2661;387;439
TELL;MEDEA;EL HAMDANIA;36.33696;2.8776639;47;10;1
TELL;MEDEA;OUM EL DJALIL;35.8312;2.6685736;75;7;2
TELL;MEDEA;KEF LAKHDAR;35.937035;3.238251;75;5;0
TELL;MEDEA;KSAR EL BOUKHARI;35.873001;2.7481177;2025;220;270
TELL;MEDEA;ZOUBIRIA;36.077614;2.8377657;321;62;10
TELL;MEDEA;CHAHBOUNIA;35.582062;2.5792482;390;24;22
TELL;MEDEA;BAATA;36.374256;3.1177554;16;1;2
TELL;MEDEA;SANEG;35.849369;2.8277962;81;13;1
TELL;MEDEA;DJOUAB;36.13813;3.4278338;167;26;3
TELL;MEDEA;OULED BRAHIM;36.21558;2.9675572;213;27;
TELL;MEDEA;DERRAG;35.908028;2.3881369;94;6;4
TELL;MEDEA;SIDI ZIANE;36.03463;3.2483058;117;6;12
TELL;MEDEA;SEGHOUANE;35.988743;2.9175954;198;18;0
TELL;MEDEA;SIDI NAAMANE;36.255913;3.0876782;261;19;23
TELL;MEDEA;BIR BEN ABED;36.191612;3.4198797;221;16;9
TELL;MEDEA;OULED MAAREF;35.766949;3.0776567;161;16;26
TELL;MEDEA;EL AOUINET;35.865292;3.0676372;84;5;8
TELL;MEDEA;OULED ANTAR;35.995178;2.6387794;80;8;28
TELL;MEDEA;TAMESGUIDA;36.330967;2.6685736;129;13;
TELL;MEDEA;KHAMS DJOUAMAA;36.146427;3.1277854;142;9;1
TELL;MEDEA;EL OMARIA;36.267216;3.0245979;355;38;28
TELL;MEDEA;MOUDJEBEUR;35.948067;2.7979009;148;19;9
TELL;MEDEA;MEDEA;36.285385;2.7680247;5630;812;993
TELL;MEDEA;BOUAICHOUNE;36.13623;2.6487086;163;6;1
TELL;MEDEA;CHELLALAT EL ADHAOURA;35.932594;3.3993752;653;167;208
TELL;MEDEA;SIDI ZAHAR;36.06834;3.3317554;79;5;
TELL;MEDEA;TABLAT;36.412125;3.318747;633;76;79
TELL;MEDEA;BOGHAR;35.94989;2.7182727;177;16;2
TELL;MEDEA;AZIZ;35.758476;2.4999919;166;16;13
TELL;MEDEA;OUZERA;36.252583;2.8463104;325;33;1
TELL;MEDEA;OULED HELLAL;35.937012;2.4980197;60;10;3
TELL;MEDEA;TIZI MAHDI;36.220345;2.7680247;31;2;
TELL;MEDEA;BOUGHZOUL;35.753311;2.7381673;1105;130;155
TELL;MEDEA;OULED DEIDE;36.116173;3.0375915;153;10;
TELL;MEDEA;AIN OUKSIR;35.85281;3.4701397;68;11;1
TELL;MEDEA;MAGHRAOUA;36.373623;3.5306766;103;11;
TELL;MEDEA;BENI SLIMANE;36.228348;3.3086779;1617;144;357
TELL;MILA;GRAREM GOUGA;36.523277;6.3172908;1680;187;119
TELL;MILA;OUED SEGUEN;36.199047;6.4290361;357;82;148
TELL;MILA;TASSADANE HADDADA;36.533714;5.793201;443;108;117
TELL;MILA;MILA;36.451229;6.2535257;2458;442;1206
TELL;MILA;AIN BEIDA HARRICHE;36.38995;5.8670406;376;78;23
TELL;MILA;AIN MELLOUK;36.255714;6.1739116;615;187;265
TELL;MILA;TELAGHMA;36.073742;6.3438783;860;233;227
TELL;MILA;SIDI MEROUANE;36.499992;6.2482147;607;66;14
TELL;MILA;YAHIA BENI GUECHA;36.383659;5.993834;253;45;14
TELL;MILA;BENYAHIA ABDERRAHMANE;36.221092;6.0044122;120;59;3
TELL;MILA;AHMED RACHDI;36.344299;6.1314926;313;56;25
TELL;MILA;BOUHATEM;36.305424;6.0467429;305;122;48
TELL;MILA;SIDI KHELIFA;36.36496;6.2535257;197;56;32
TELL;MILA;AMIRA ARRES;36.535648;6.0659337;339;40;4
TELL;MILA;TERRAI BEINEN;36.548576;6.1420946;357;59;50
TELL;MILA;EL AYADI BARBES;36.439095;5.823287;91;27;
TELL;MILA;AIN TINE;36.39624;6.3252659;300;63;64
TELL;MILA;OUED ATHMANIA;36.290031;6.3438783;1390;363;300
TELL;MILA;EL MCHIRA;36.037086;6.2163596;242;39;15
TELL;MILA;TADJENANET;36.134537;6.0044122;1485;562;688
TELL;MILA;ZEGHAIA;36.471539;6.1739116;397;52;17
TELL;MILA;DERRADJI BOUSSELAH;36.311768;5.9198389;157;29;7
TELL;MILA;OUED ENDJA;36.521919;6.2092485;450;91;71
TELL;MILA;FERDJIOUA;36.408401;5.9304037;1550;310;442
TELL;MILA;CHELGHOUM LAID;36.146477;6.1951318;2953;844;1281
TELL;MILA;HAMALA;36.573132;6.3412194;485;49;16
TELL;MILA;TASSALA LEMTAI;36.571514;5.981936;272;25;19
TELL;MILA;CHIGARA;36.560596;6.2216678;219;33;16
TELL;MILA;ROUACHED;36.469936;5.993834;582;219;285
TELL;MILA;OULED KHELLOUF;36.000256;6.0891032;279;122;190
TELL;MILA;MINAR ZARZA;36.537746;5.9304037;293;43;49
TELL;MILA;TIBERGUENT;36.402035;6.0573301;210;31;6
TELL;MOSTAGANEM;SOUR;35.999802;0.34012869;928;77;63
TELL;MOSTAGANEM;MOSTAGANEM;36.013123;0.1401381;8151;1491;2047
TELL;MOSTAGANEM;TOUAHRIA;35.810089;0.2092267;155;10;4
TELL;MOSTAGANEM;MEZAGHRANE;35.887947;0.0606637;1589;363;526
TELL;MOSTAGANEM;AIN BOUDINAR;36.008976;0.1881358;242;25;2
TELL;MOSTAGANEM;KHEIR EDDINE;35.947758;0.1775946;850;84;45
TELL;MOSTAGANEM;SAYADA;35.904228;0.1401381;939;124;262
TELL;MOSTAGANEM;HASSI MAAMECHE;35.860668;0.102718;1330;264;108
TELL;MOSTAGANEM;SOUAFLIA;35.861755;0.3313514;282;13;4
TELL;MOSTAGANEM;FORNAKA;35.753662;-0.0170737;782;318;735
TELL;MOSTAGANEM;KHADRA;36.253571;0.57543731;309;17;5
TELL;MOSTAGANEM;BOUGUIRAT;35.748608;0.2549631;551;44;18
TELL;MOSTAGANEM;SIRAT;35.780113;0.1881358;277;19;4
TELL;MOSTAGANEM;EL HESSIANE;35.752911;0.1202541;300;78;31
TELL;MOSTAGANEM;ABDELMALEK RAMDANE;36.102615;0.27374229;487;51;45
TELL;MOSTAGANEM;AIN NOUISSI;35.80344;4.8990201E-2;599;157;144
TELL;MOSTAGANEM;AIN SIDI CHERIF;35.836109;0.12844039;168;22;12
TELL;MOSTAGANEM;OUED EL KHEIR;35.950005;0.38189819;620;73;76
TELL;MOSTAGANEM;SIDI ALI;36.096779;0.4148744;1447;130;261
TELL;MOSTAGANEM;TAZGAIT;36.094887;0.54823762;173;12;1
TELL;MOSTAGANEM;OULED MAALAH;36.007675;0.59081918;137;8;5
TELL;MOSTAGANEM;AIN TEDLES;35.996521;0.2948797;1388;120;207
TELL;MOSTAGANEM;SIDI BELATTAR;36.026497;0.27374229;272;21;6
TELL;MOSTAGANEM;STIDIA;35.830723;6.9948002E-3;560;148;11
TELL;MOSTAGANEM;SAFSAF;35.846493;0.37718949;288;11;8
TELL;MOSTAGANEM;ACHAACHA;36.243786;0.63344622;743;64;31
TELL;MOSTAGANEM;OULED BOUGHALEM;36.318138;0.6701892;184;13;4
TELL;MOSTAGANEM;MESRA;35.841515;0.1658856;637;59;158
TELL;MOSTAGANEM;HADJADJ;36.097054;0.3254317;435;29;4
TELL;MOSTAGANEM;MANSOURAH;35.843437;0.23152509;315;32;
TELL;MOSTAGANEM;SIDI LAKHDAR;36.161869;0.44316179;857;112;132
TELL;MOSTAGANEM;NEKMARIA;36.188221;0.62278521;219;16;1
TELL;ORAN;ARZEW;35.860214;-0.34659711;4229;851;801
TELL;ORAN;AIN  BIYA;35.808163;-0.2816754;1874;439;347
TELL;ORAN;AIN  TURK;35.748955;-0.80083883;1340;237;211
TELL;ORAN;ES SENIA;35.640614;-0.6488505;4847;1420;3026
TELL;ORAN;BIR EL DJIR;35.728497;-0.55414897;7150;2018;1956
TELL;ORAN;EL ANCOR;35.68261;-0.91520512;349;64;150
TELL;ORAN;BOUSFER;35.718426;-0.78139329;484;60;48
TELL;ORAN;GDYEL;35.805267;-0.46910971;1384;241;76
TELL;ORAN;OUED TLELAT;35.55397;-0.45967209;2018;472;575
TELL;ORAN;AIN KERMA;35.585205;-0.77229738;127;22;
TELL;ORAN;MISSERGHIN;35.585205;-0.77229738;755;156;77
TELL;ORAN;BOUFATIS;35.630779;-0.3936722;453;113;31
TELL;ORAN;BOUTLELIS;35.584423;-0.88658339;772;159;2
TELL;ORAN;SIDI CHAMI;35.67392;-0.54469121;3150;1074;1987
TELL;ORAN;HASSI BOUNIF;35.685127;-0.47854951;1538;498;1577
TELL;ORAN;TAFRAOUI;35.455055;-0.54469121;401;93;118
TELL;ORAN;EL KARMA;35.597252;-0.5730713;1010;314;1145
TELL;ORAN;HASSI BEN OKBA;35.728958;-0.46764469;423;141;63
TELL;ORAN;MERS EL KEBIR;35.722218;-0.7105267;379;66;58
TELL;ORAN;EL BRAYA;35.619461;-0.4974359;292;63;68
TELL;ORAN;BETHIOUA;35.751381;-0.23384731;2109;401;1410
TELL;ORAN;HASSI MEFSOUKH;35.801079;-0.37461701;420;76;214
TELL;ORAN;SIDI BEN YABKA;35.859974;-0.42194441;258;77;76
TELL;ORAN;MARSAT EL HADJADJ;35.762405;-0.16822711;898;180;60
TELL;ORAN;BEN FREHA;35.729214;-0.3654204;777;152;56
TELL;ORAN;ORAN;35.697655;-0.63373762;15518;3834;4193
TELL;RELIZANE;OUED RHIOU;35.960712;0.91997731;3918;718;807
TELL;RELIZANE;EL HAMRI;36.019135;0.70123303;290;26;14
TELL;RELIZANE;BENI ZENTIS;36.110603;0.66426069;210;12;2
TELL;RELIZANE;SIDI MHAMED BENAOUDA;35.602654;0.58726901;184;38;27
TELL;RELIZANE;OULED YAICH;35.825508;0.96414667;373;15;3
TELL;RELIZANE;OUED ESSALEM;35.580025;0.92594337;523;5;1
TELL;RELIZANE;EL MATMAR;35.731613;0.4620313;450;39;10
TELL;RELIZANE;SIDI KHETTAB;35.911388;0.51396883;452;148;814
TELL;RELIZANE;AIN RAHMA;35.624634;0.3919059;138;5;1
TELL;RELIZANE;BENDAOUD;35.715004;0.5186938;467;60;31
TELL;RELIZANE;OUED EL DJEMAA;35.796082;0.67967671;636;68;72
TELL;RELIZANE;RAMKA;35.867531;1.2818815;184;7;
TELL;RELIZANE;SIDI LAZREG;35.646683;0.77824181;166;10;63
TELL;RELIZANE;YELLEL;35.721058;0.3536548;738;69;29
TELL;RELIZANE;MEDIOUNA;36.126373;0.75446922;749;50;5
TELL;RELIZANE;EL OUELDJA;35.907295;1.1185143;81;4;
TELL;RELIZANE;HAD CHEKKALA;35.679253;1.1484972;172;6;11
TELL;RELIZANE;AIN TAREK;35.776268;1.1377008;391;23;4
TELL;RELIZANE;BELAASSEL BOUZEGZA;35.852837;0.50570148;414;53;139
TELL;RELIZANE;SIDI SAADA;35.676029;0.34071669;131;11;19
TELL;RELIZANE;RELIZANE;35.733936;0.55887872;6927;745;521
TELL;RELIZANE;KALAA;35.580383;0.32895851;140;11;11
TELL;RELIZANE;EL HMADNA;35.904549;0.77467501;599;84;247
TELL;RELIZANE;MAZOUNA;36.118752;0.8770473;1026;84;247
TELL;RELIZANE;OUARIZANE;36.046562;0.89969921;526;64;23
TELL;RELIZANE;DJIDIOUIA;35.925957;0.83178133;950;116;76
TELL;RELIZANE;SIDI MHAMED BEN ALI;36.143452;0.84130681;698;69;58
TELL;RELIZANE;EL GUETTAR;36.091949;0.82463861;371;36;7
TELL;RELIZANE;MERDJET SIDI ABED;36.003887;0.99472219;323;79;258
TELL;RELIZANE;EL HASSI;35.752911;0.1202541;156;12;1
TELL;RELIZANE;MENDES;35.647457;0.86513031;376;20;10
TELL;RELIZANE;OULED SIDI MIHOUB;35.8456;1.1316;209;19;2
TELL;RELIZANE;DAR BEN ABDELLAH;35.699165;0.68323511;150;23;
TELL;RELIZANE;BENI DERGOUN;35.7981;0.79608053;185;18;1
TELL;RELIZANE;AMMI MOUSSA;35.869244;1.1089244;1119;124;254
TELL;RELIZANE;LAHLEF;35.892159;0.97967702;332;50;4
TELL;RELIZANE;SOUK EL HAD;35.955036;1.2481951;66;2;
TELL;RELIZANE;ZEMMOURA;35.724705;0.7509045;901;73;40
TELL;SIDI BEL ABBES;OUED SEFIOUN;35.0672;-0.35718411;132;2;1
TELL;SIDI BEL ABBES;MOSTEFA BEN BRAHIM;35.192566;-0.35943499;382;13;57
TELL;SIDI BEL ABBES;MOULAY SLISSEN;34.824177;-0.76041102;291;40;38
TELL;SIDI BEL ABBES;SIDI CHAIB;34.593143;-0.54705542;75;1;3
TELL;SIDI BEL ABBES;SIDI BRAHIM;35.268429;-0.5730713;325;29;2
TELL;SIDI BEL ABBES;REDJEM DEMMOUCHE;34.426865;-0.80916709;151;9;14
TELL;SIDI BEL ABBES;OUED SBAA;34.587173;-0.70846421;63;2;1
TELL;SIDI BEL ABBES;EL HACAIBA;34.698486;-0.76159948;47;1;
TELL;SIDI BEL ABBES;RAS EL MA;34.50034;-0.8055976;411;2;14
TELL;SIDI BEL ABBES;MCID;35.138626;-0.24699441;100;4;8
TELL;SIDI BEL ABBES;SFISEF;35.2365;-0.28078681;1041;51;42
TELL;SIDI BEL ABBES;BOUDJEBAA EL BORDJ;35.352367;-0.32366851;54;2;
TELL;SIDI BEL ABBES;ZEROUALA;35.236061;-0.43137291;116;8;8
TELL;SIDI BEL ABBES;TESSALA;35.267265;-0.78180891;139;9;0
TELL;SIDI BEL ABBES;SIDI HAMADOUCHE;35.312603;-0.5163312;290;27;1
TELL;SIDI BEL ABBES;MARHOUM;34.444626;-0.1939932;151;4;3
TELL;SIDI BEL ABBES;DHAYA;34.674397;-0.62160081;85;2;3
TELL;SIDI BEL ABBES;SIDI ALI BOUSSIDI;35.10363;-0.83365041;287;10;6
TELL;SIDI BEL ABBES;AIN ADDEN;35.328514;-0.26083061;53;4;
TELL;SIDI BEL ABBES;BEDRABINE EL MOKRANI;34.880299;;199;2;
TELL;SIDI BEL ABBES;SIDI LAHCENE;35.201698;-0.72477299;685;79;6
TELL;SIDI BEL ABBES;MEZAOUROU;34.838566;-0.658333;159;18;25
TELL;SIDI BEL ABBES;TAOUDMOUT;34.588776;-0.1144079;21;4;4
TELL;SIDI BEL ABBES;TAFISSOUR;34.692394;-0.20219509;37;;0
TELL;SIDI BEL ABBES;AMARNAS;35.092335;-0.61094302;359;26;1
TELL;SIDI BEL ABBES;TENIRA;35.015732;-0.50688243;211;10;1
TELL;SIDI BEL ABBES;BELARBI;35.137081;-0.44080371;280;43;34
TELL;SIDI BEL ABBES;SIDI KHALED;35.114044;-0.66781771;180;20;1
TELL;SIDI BEL ABBES;BENACHIBA CHELIA;34.963703;-0.61300868;121;10;25
TELL;SIDI BEL ABBES;SIDI YACOUB;35.151897;-0.77705288;120;6;0
TELL;SIDI BEL ABBES;SIDI BEL ABBES;35.202225;-0.62989217;8205;633;1325
TELL;SIDI BEL ABBES;TEGHALIMET;34.885998;-0.55178428;126;3;1
TELL;SIDI BEL ABBES;SIDI DAHO;35.116589;-0.91162628;110;5;1
TELL;SIDI BEL ABBES;MAKEDRA;35.441132;-0.4307836;88;23;0
TELL;SIDI BEL ABBES;LAMTAR;35.071491;-0.79899597;204;10;22
TELL;SIDI BEL ABBES;TABIA;35.025532;-0.74377608;213;2;6
TELL;SIDI BEL ABBES;CHETOUANE BELAILA;34.95055;-0.83654368;135;33;0
TELL;SIDI BEL ABBES;AIN TINDAMINE;34.687675;-0.72121102;35;2;1
TELL;SIDI BEL ABBES;HASSI ZAHANA;35.027313;-0.88896781;178;10;7
TELL;SIDI BEL ABBES;MERINE;34.781544;-0.4478783;181;14;7
TELL;SIDI BEL ABBES;BIR EL HMAM;34.417416;-0.50097811;83;3;3
TELL;SIDI BEL ABBES;OUED TAOURIRA;34.802639;-0.32660729;20;2;
TELL;SIDI BEL ABBES;AIN EL BERD;35.367508;-0.50688243;508;70;2
TELL;SIDI BEL ABBES;HASSI DAHO;35.103653;-0.54469121;101;4;
TELL;SIDI BEL ABBES;SIDI ALI BENYOUB;34.926399;-0.73427337;327;55;148
TELL;SIDI BEL ABBES;BOUKANEFIS;34.9366;-0.28290001;250;10;1
TELL;SIDI BEL ABBES;BEN BADIS;34.936348;-0.89612168;719;36;55
TELL;SIDI BEL ABBES;SEHALA THAOURA;35.222809;-0.8579818;40;4;
TELL;SIDI BEL ABBES;AIN THRID;35.285061;-0.67552572;55;8;0
TELL;SIDI BEL ABBES;AIN KADA;35.136238;-0.85679048;46;3;0
TELL;SIDI BEL ABBES;TELAGH;34.79496;-0.54469121;894;38;47
TELL;SIDI BEL ABBES;TILMOUNI;35.180691;-0.53523558;177;17;11
TELL;SKIKDA;AIN ZOUIT;36.891228;6.788888;1332;120;
TELL;SKIKDA;BIN EL OUIDEN;36.807751;6.5703316;644;79;24
TELL;SKIKDA;KANOUA;37.037674;6.4037428;146;38;4
TELL;SKIKDA;BEKKOUCHE LAKHDAR;36.700497;7.305758;669;76;184
TELL;SKIKDA;OULDJA BOULBELLOUT;36.788803;6.3710265;100;6;1
TELL;SKIKDA;CHERAIA;37.002323;6.5129752;377;25;5
TELL;SKIKDA;KERKERA;36.931332;6.5876818;656;20;13
TELL;SKIKDA;ZITOUNA;36.988071;6.4556713;267;14;
TELL;SKIKDA;HAMADI KROUMA;36.846329;6.9289641;1383;194;764
TELL;SKIKDA;ES SEBT;36.66;7.0700002;537;77;3
TELL;SKIKDA;KHENG MAYOUM;37.009628;6.282999;145;6;1
TELL;SKIKDA;RAMDANE DJAMEL;36.759933;6.8940845;1102;197;85
TELL;SKIKDA;ZERDEZAS;36.580723;6.9061561;326;26;
TELL;SKIKDA;BENI BACHIR;36.783333;6.9333329;427;71;2
TELL;SKIKDA;OUM TOUB;36.689415;6.5756693;1231;106;84
TELL;SKIKDA;BENI ZID;36.816666;6.5;413;30;3
TELL;SKIKDA;BOUCHTATA;36.783333;6.8000002;373;62;4
TELL;SKIKDA;SKIKDA;36.871521;6.9101806;9058;1208;3064
TELL;SKIKDA;AIN KECHRA;36.745594;6.4316988;987;95;63
TELL;SKIKDA;AIN BOUZIANE;36.602406;6.7386947;397;65;
TELL;SKIKDA;EL HARROUCH;36.655704;6.8404598;2274;382;824
TELL;SKIKDA;COLLO;37.001385;6.5543199;1495;74;517
TELL;SKIKDA;TAMALOUS;36.835754;6.6451049;1872;185;439
TELL;SKIKDA;EL MARSA;37.009415;7.2868681;109;23;23
TELL;SKIKDA;SALAH BOUCHAOUR;36.700565;6.8538618;952;109;37
TELL;SKIKDA;BENI OULBANE;36.627071;6.6344175;537;25;5
TELL;SKIKDA;AIN CHERCHAR;36.733677;7.2234898;753;117;12
TELL;SKIKDA;EMDJEZ EDCHICH;36.703331;6.8056278;705;78;
TELL;SKIKDA;OULED HEBABA;36.516376;6.9724059;150;8;
TELL;SKIKDA;EL HADAIEK;36.922138;6.8873792;913;191;167
TELL;SKIKDA;OULED ATTIA;36.8675;6.7813001;399;43;
TELL;SKIKDA;AZZABA;36.744114;7.117095;3046;453;1014
TELL;SKIKDA;SIDI MEZGHICHE;36.680092;6.7186284;726;75;49
TELL;SKIKDA;OUED ZHOUR;36.922138;6.3133035;98;3;3
TELL;SKIKDA;EL GHEDIR;36.686764;6.9759469;207;21;12
TELL;SKIKDA;BEN AZZOUZ;36.865822;7.2963123;1538;529;629
TELL;SKIKDA;FIL FILA;36.882805;7.0821161;1185;186;109
TELL;SKIKDA;DJENDEL SAADI MOHAMED;36.782501;7.1695981;326;35;5
TELL;TIPAZA;HADJOUT;36.51244;2.4141276;1718;203;160
TELL;TIPAZA;DOUAOUDA;36.678581;2.7972634;568;97;59
TELL;TIPAZA;BENI MILLEUK;36.44553;1.7344155;64;1;
TELL;TIPAZA;SIDI RACHED;36.550266;2.5296972;298;70;61
TELL;TIPAZA;SIDI SEMIANE;36.483181;2.086133;62;2;
TELL;TIPAZA;TIPAZA;36.617878;2.3912363;1655;320;661
TELL;TIPAZA;SIDI AMAR;36.533058;2.3123031;331;46;14
TELL;TIPAZA;AHMER EL AIN;36.50621;2.5693338;938;143;69
TELL;TIPAZA;SIDI GHILES;36.5583;2.1155691;489;38;70
TELL;TIPAZA;HADJERET ENNOUS;36.559326;2.0567162;74;1;2
TELL;TIPAZA;KHEMISTI;36.617073;2.6834779;453;60;14
TELL;TIPAZA;CHAIBA;36.610668;2.728219;555;78;50
TELL;TIPAZA;MEURAD;36.46706;2.37149;622;49;8
TELL;TIPAZA;AGHBAL;36.497997;1.8415871;141;14;
TELL;TIPAZA;NADOR;36.580593;2.366555;227;71;73
TELL;TIPAZA;BOURKIKA;36.485859;2.5098915;603;89;26
TELL;TIPAZA;MESSELMOUN;36.48452;2.0077317;192;10;6
TELL;TIPAZA;BOU ISMAIL;36.638199;2.7033575;1968;334;417
TELL;TIPAZA;CHERCHEL;36.567505;2.2039933;2021;189;215
TELL;TIPAZA;MENACEUR;36.480339;2.2433486;581;62;5
TELL;TIPAZA;FOUKA;36.65863;2.7530935;1281;222;153
TELL;TIPAZA;KOLEA;36.643246;2.770802;1978;320;623
TELL;TIPAZA;AIN TAGOURAIT;36.586887;2.5842061;223;28;22
TELL;TIPAZA;LARHAT;36.557014;1.8023093;133;7;
TELL;TIPAZA;BOUHAROUN;36.617737;2.6536741;307;41;10
TELL;TIPAZA;HATTATBA;36.558708;2.6387794;623;115;30
TELL;TIPAZA;GOURAYA;36.529037;1.9294682;464;25;
TELL;TIPAZA;DAMOUS;36.500019;1.7052325;343;21;1
TELL;TIZI OUZOU;BOUNOUH;36.499577;3.9364126;367;107;32
TELL;TIZI OUZOU;AIT CHAFFA;36.822163;4.5255957;67;17;24
TELL;TIZI OUZOU;TIZI OUZOU;36.70219;4.0593257;4442;1489;3707
TELL;TIZI OUZOU;BENI DOUALA;36.620541;4.0815244;548;153;21
TELL;TIZI OUZOU;ILOULA OUMALOU;36.580566;4.4424319;358;112;43
TELL;TIZI OUZOU;TIRMITINE;36.67561;3.9572785;518;156;23
TELL;TIZI OUZOU;SIDI NAAMANE;36.768829;3.9980485;268;77;100
TELL;TIZI OUZOU;DRAA EL MIZAN;36.559368;3.8146527;1569;362;442
TELL;TIZI OUZOU;BENI AISSI;36.663628;4.0848789;164;59;10
TELL;TIZI OUZOU;IFLISSEN;36.868561;4.2230835;288;116;79
TELL;TIZI OUZOU;AGHRIB;36.821159;4.3462372;293;136;185
TELL;TIZI OUZOU;OUADHIA;36.555973;4.0886526;324;84;104
TELL;TIZI OUZOU;AIN ZAOUIA;36.550449;3.8947976;469;117;57
TELL;TIZI OUZOU;BOUDJIMA;36.806961;4.1411405;348;131;45
TELL;TIZI OUZOU;YAKOUREN;36.733921;4.438633;313;147;35
TELL;TIZI OUZOU;AIT YAHIA;36.606663;4.3256917;412;95;45
TELL;TIZI OUZOU;ABI YOUCEF;36.538971;4.3423882;174;42;33
TELL;TIZI OUZOU;SOUK EL THENINE;36.590954;4.0031519;238;51;55
TELL;TIZI OUZOU;AIT TOUDERT;36.526215;4.1616144;258;54;22
TELL;TIZI OUZOU;BENI YENNI;36.568653;4.182096;164;54;71
TELL;TIZI OUZOU;AIT BOUMAHDI;36.482327;4.182096;178;43;43
TELL;TIZI OUZOU;MAATKA;36.619434;3.9572375;697;191;73
TELL;TIZI OUZOU;FRIKAT;36.492645;3.8757119;343;144;36
TELL;TIZI OUZOU;MIZRANA;36.852066;4.0797672;286;124;59
TELL;TIZI OUZOU;LARBA NAIT IRATHEN;36.637295;4.2040935;1017;286;289
TELL;TIZI OUZOU;OUACIF;36.518848;4.2179585;301;65;62
TELL;TIZI OUZOU;AIN EL HAMMAM;36.565022;4.2846246;594;126;196
TELL;TIZI OUZOU;DRAA BEN KHEDDA;36.730961;3.965251;1008;322;548
TELL;TIZI OUZOU;AIT KHELILI;36.666473;4.310288;272;119;34
TELL;TIZI OUZOU;MEKLA;36.673515;4.2641029;603;295;230
TELL;TIZI OUZOU;AKBIL;36.49955;4.3051543;230;48;14
TELL;TIZI OUZOU;BOGHNI;36.541054;3.9558754;938;310;774
TELL;TIZI OUZOU;TADMAIT;36.70763;3.8960812;761;223;148
TELL;TIZI OUZOU;AIT MAHMOUD;36.60778;4.1121616;107;38;5
TELL;TIZI OUZOU;AZAZGA;36.734386;4.3667908;1219;698;1622
TELL;TIZI OUZOU;AZEFFOUN;36.88953;4.424015;419;145;187
TELL;TIZI OUZOU;IRDJEN;36.661308;4.1496091;408;115;172
TELL;TIZI OUZOU;TIZI N'TLATA;36.573578;4.0388918;288;63;27
TELL;TIZI OUZOU;TIMIZART;36.802422;4.2653985;660;278;20
TELL;TIZI OUZOU;IBOUDRAREN;36.523335;4.2435894;157;49;18
TELL;TIZI OUZOU;FREHA;36.758427;4.3177066;678;330;507
TELL;TIZI OUZOU;MKIRA;36.630592;3.7790685;385;117;59
TELL;TIZI OUZOU;MECHTRAS;36.5448;4.00493;265;73;55
TELL;TIZI OUZOU;ZEKRI;36.80154;4.5830789;37;9;12
TELL;TIZI OUZOU;SOUAMA;36.670555;4.3462372;183;69;47
TELL;TIZI OUZOU;BENI-ZEMANZER;36.636974;4.039156;216;69;2
TELL;TIZI OUZOU;AIT BOUADDOU;36.508148;4.0593257;309;91;36
TELL;TIZI OUZOU;TIGZIRT;36.890587;4.1267838;394;163;708
TELL;TIZI OUZOU;AIT AISSA MIMOUN;36.748695;4.1155596;511;206;21
TELL;TIZI OUZOU;ILILTEN;36.516186;4.3946199;200;49;27
TELL;TIZI OUZOU;AIT YAHIA MOUSSA;36.643665;3.8757119;538;118;64
TELL;TIZI OUZOU;TIZI GHENIF;36.588852;3.7760446;673;191;152
TELL;TIZI OUZOU;AKEROU;36.817364;4.4490838;140;67;45
TELL;TIZI OUZOU;AIT OUMALOU;36.658638;4.2282095;325;101;41
TELL;TIZI OUZOU;BENI ZEKI;36.437901;4.9438;90;22;4
TELL;TIZI OUZOU;YATAFEN;36.527451;4.2794933;77;13;8
TELL;TIZI OUZOU;IMSOUHAL;36.577278;4.3924937;135;32;4
TELL;TIZI OUZOU;IFIGHA;36.671776;4.4136934;126;50;14
TELL;TIZI OUZOU;AGOUNI GUEGHRANE;36.515224;4.1137958;226;48;34
TELL;TIZI OUZOU;MAKOUDA;36.792046;4.0624151;708;244;130
TELL;TIZI OUZOU;ASSI YOUCEF;36.504299;4.013361;385;121;32
TELL;TIZI OUZOU;IFERHOUNEN;36.540478;4.3667908;313;84;72
TELL;TIZI OUZOU;TIZI RACHED;36.679951;4.2087288;512;224;601
TELL;TIZI OUZOU;OUAGUENOUN;36.770092;4.1750879;449;186;121
TELL;TIZI OUZOU;AIT AGGOUACHA;36.609608;4.2435894;132;27;9
TELL;TIZI OUZOU;IDJEUR;36.674042;4.5418143;238;74;16
TELL;TIZI OUZOU;BOUZEGUENE;36.614132;4.4725914;505;191;188
TELL;TLEMCEN;OULED RIAH;34.962135;-1.4978716;141;42;0
TELL;TLEMCEN;BENI SEMIEL;34.686298;-0.58780003;131;6;1
TELL;TLEMCEN;BENI KHELLAD;35.1726;-1.556583;169;31;13
TELL;TLEMCEN;MAGHNIA;34.853451;-1.7349662;3642;719;801
TELL;TLEMCEN;SOUAHLIA;35.040596;-1.8952713;419;67;59
TELL;TLEMCEN;EL FEHOUL;35.115891;-1.2927151;207;19;5
TELL;TLEMCEN;SEBAA CHIOUKH;35.160831;-1.3627778;233;31;1
TELL;TLEMCEN;ZENATA;34.984642;-1.4591782;118;37;86
TELL;TLEMCEN;GHAZAOUET;35.096226;-1.8562218;1216;184;367
TELL;TLEMCEN;EL GOR;34.633221;-1.1520965;336;17;35
TELL;TLEMCEN;REMCHI;35.057964;-1.4289734;1854;419;563
TELL;TLEMCEN;AIN NEHALA;35.027687;-0.93131357;242;18;7
TELL;TLEMCEN;MANSOURAH;34.865917;-1.3565692;1994;509;1118
TELL;TLEMCEN;DJEBALA;34.959248;-1.8123324;126;30;27
TELL;TLEMCEN;SIDI DJILLALI;34.445873;-1.5668811;184;8;2
TELL;TLEMCEN;HONAINE;35.178932;-1.6493531;170;14;44
TELL;TLEMCEN;FELLAOUCENE;35.0177;-1.5693045;251;75;96
TELL;TLEMCEN;AIN KEBIRA;35.03001;-1.6784986;91;23;3
TELL;TLEMCEN;TIENET;35.049713;-1.8391485;98;11;21
TELL;TLEMCEN;SOUANI;34.921818;-1.9172519;187;30;20
TELL;TLEMCEN;BENI BAHDEL;34.710857;-1.5123907;88;8;0
TELL;TLEMCEN;AIN FETAH;34.899399;;188;36;14
TELL;TLEMCEN;BENSEKRANE;35.073906;-1.2289577;637;115;44
TELL;TLEMCEN;OUED CHOULY;34.829079;-1.1714782;128;43;54
TELL;TLEMCEN;SABRA;34.828026;-1.5281253;945;213;147
TELL;TLEMCEN;EL ARICHA;34.21909;-1.2554111;538;22;17
TELL;TLEMCEN;OULED MIMOUN;34.904945;-1.0322845;1086;115;96
TELL;TLEMCEN;BENI BOUSSAID;34.649605;-1.7526648;282;92;7
TELL;TLEMCEN;AIN TALLOUT;34.922112;-0.95578671;325;37;15
TELL;TLEMCEN;MSIRDA FOUAGA;35.016041;-2.0518155;90;23;4
TELL;TLEMCEN;HENAYA;34.948471;-1.3710402;956;321;339
TELL;TLEMCEN;BOUHLOU;34.777786;-1.571728;115;24;40
TELL;TLEMCEN;SOUK THLATA;35.016853;-2.002836;53;9;9
TELL;TLEMCEN;AMIEUR;34.918873;-1.3035482;277;81;85
TELL;TLEMCEN;TLEMCEN;34.888405;-1.3180043;5722;1754;2126
TELL;TLEMCEN;HAMMAM BOUGHRARA;34.892719;-1.6444975;468;110;105
TELL;TLEMCEN;AIN FEZZA;34.876862;-1.2349683;163;50;64
TELL;TLEMCEN;BENI OUARSOUS;35.08255;-1.5559775;393;49;28
TELL;TLEMCEN;AIN YOUCEF;35.04776;-1.375051;545;99;42
TELL;TLEMCEN;SIDI ABDELLI;35.063831;-1.1329035;929;258;155
TELL;TLEMCEN;AIN GHORABA;34.708187;-1.3879292;101;19;6
TELL;TLEMCEN;SEBDOU;34.639687;-1.332462;1700;167;244
TELL;TLEMCEN;NEDROMA;35.009747;-1.7490143;700;147;144
TELL;TLEMCEN;MERSA BEN MHIDI;35.053139;-2.1352038;88;12;18
TELL;TLEMCEN;AZAILS;34.679489;-1.4746046;216;37;13
TELL;TLEMCEN;BENI MESTER;34.865036;-1.4338048;613;177;90
TELL;TLEMCEN;BAB EL ASSA;34.964085;-2.029768;203;51;32
TELL;TLEMCEN;BENI SNOUS;34.659313;-1.5450766;348;29;26
TELL;TLEMCEN;SIDI MEDJAHED;34.775532;-1.6384287;200;43;2
TELL;TLEMCEN;DAR YAGHMOURASSENE;35.096149;-1.7973086;226;58;35
TELL;TLEMCEN;EL BOUIHI;34.412434;-1.6845731;261;19;7
TELL;TLEMCEN;CHETOUANE;34.920334;-1.2975309;1697;505;552
TELL;TLEMCEN;TERNI BENI HEDIEL;34.795536;-1.3577749;156;42;16
